fid,lat,lon,Annual_WS,Annual_WD,fid_2,DN
"399",37.654,127.026,2.58,301.94,"1","59"
"387",37.645,127.026,2.49,299.11,"2","58"
"399",37.654,127.026,2.58,301.94,"2","58"
"400",37.654,127.038,2.58,309.53,"2","58"
"401",37.663,127.027,2.68,302.49,"2","58"
"402",37.663,127.038,2.64,310.52,"2","58"
"426",37.644,127.073,2.58,300.77,"3","50"
"430",37.645,127.061,2.58,300.47,"3","50"
"431",37.654,127.062,2.62,303.96,"3","50"
"432",37.654,127.073,2.57,304.68,"3","50"
"433",37.654,127.085,2.7,323.75,"3","50"
"435",37.663,127.073,2.57,312.24,"3","50"
"434",37.663,127.062,2.68,312.18,"3","50"
"436",37.663,127.085,2.86,331.49,"3","50"
"437",37.672,127.062,2.76,324.44,"3","50"
"438",37.672,127.073,2.76,324.13,"3","50"
"387",37.645,127.026,2.49,299.11,"4","57"
"398",37.645,127.038,2.52,306.56,"4","57"
"399",37.654,127.026,2.58,301.94,"4","57"
"400",37.654,127.038,2.58,309.53,"4","57"
"401",37.663,127.027,2.68,302.49,"4","57"
"402",37.663,127.038,2.64,310.52,"4","57"
"387",37.645,127.026,2.49,299.11,"5","56"
"398",37.645,127.038,2.52,306.56,"5","56"
"399",37.654,127.026,2.58,301.94,"5","56"
"400",37.654,127.038,2.58,309.53,"5","56"
"401",37.663,127.027,2.68,302.49,"5","56"
"402",37.663,127.038,2.64,310.52,"5","56"
"385",37.645,127.003,3.63,289.2,"6","48"
"386",37.645,127.015,2.77,292.57,"6","48"
"389",37.654,127.003,3.62,287.85,"6","48"
"390",37.654,127.015,2.76,293.34,"6","48"
"387",37.645,127.026,2.49,299.11,"7","55"
"390",37.654,127.015,2.76,293.34,"7","55"
"393",37.664,127.015,2.88,292.8,"7","55"
"398",37.645,127.038,2.52,306.56,"7","55"
"399",37.654,127.026,2.58,301.94,"7","55"
"400",37.654,127.038,2.58,309.53,"7","55"
"401",37.663,127.027,2.68,302.49,"7","55"
"402",37.663,127.038,2.64,310.52,"7","55"
"404",37.673,127.027,2.92,303.58,"7","55"
"405",37.672,127.038,2.79,311.64,"7","55"
"408",37.654,127.05,2.57,307.82,"7","55"
"298",37.636,127.015,2.91,294.37,"8","49"
"297",37.636,127.003,3.72,294.37,"8","49"
"385",37.645,127.003,3.63,289.2,"8","49"
"386",37.645,127.015,2.77,292.57,"8","49"
"389",37.654,127.003,3.62,287.85,"8","49"
"390",37.654,127.015,2.76,293.34,"8","49"
"381",37.636,127.026,2.54,297.8,"9","54"
"382",37.636,127.038,2.49,302.99,"9","54"
"387",37.645,127.026,2.49,299.11,"9","54"
"390",37.654,127.015,2.76,293.34,"9","54"
"393",37.664,127.015,2.88,292.8,"9","54"
"395",37.673,127.015,3.16,294.64,"9","54"
"398",37.645,127.038,2.52,306.56,"9","54"
"399",37.654,127.026,2.58,301.94,"9","54"
"400",37.654,127.038,2.58,309.53,"9","54"
"401",37.663,127.027,2.68,302.49,"9","54"
"402",37.663,127.038,2.64,310.52,"9","54"
"403",37.663,127.05,2.65,313.26,"9","54"
"404",37.673,127.027,2.92,303.58,"9","54"
"405",37.672,127.038,2.79,311.64,"9","54"
"406",37.672,127.05,2.75,320.05,"9","54"
"407",37.645,127.05,2.55,305.19,"9","54"
"408",37.654,127.05,2.57,307.82,"9","54"
"409",37.682,127.027,3.25,302.89,"9","54"
"410",37.682,127.039,3,309.39,"9","54"
"383",37.635,127.049,2.54,304.29,"9","54"
"298",37.636,127.015,2.91,294.37,"10","50"
"297",37.636,127.003,3.72,294.37,"10","50"
"296",37.636,126.991,4.7,296.82,"10","50"
"384",37.645,126.991,4.8,287.85,"10","50"
"385",37.645,127.003,3.63,289.2,"10","50"
"386",37.645,127.015,2.77,292.57,"10","50"
"388",37.655,126.992,5.08,284.94,"10","50"
"389",37.654,127.003,3.62,287.85,"10","50"
"390",37.654,127.015,2.76,293.34,"10","50"
"392",37.664,127.003,3.85,284.19,"10","50"
"393",37.664,127.015,2.88,292.8,"10","50"
"425",37.635,127.108,2.73,297.53,"11","52"
"429",37.644,127.108,2.78,305.12,"11","52"
"425",37.635,127.108,2.73,297.53,"12","52"
"453",37.609,126.944,3.39,349.12,"13","51"
"459",37.618,126.944,3.69,0.15,"13","51"
"449",37.6,126.933,3.28,335.79,"13","51"
"452",37.609,126.933,3.25,350.77,"13","51"
"451",37.609,126.921,3.22,319.37,"13","51"
"458",37.618,126.933,3.25,7,"13","51"
"455",37.618,126.921,3.13,321.34,"13","51"
"299",37.608,127.026,2.77,305.29,"14","57"
"376",37.617,127.026,2.68,304.94,"15","56"
"377",37.617,127.037,2.64,303.59,"15","56"
"299",37.608,127.026,2.77,305.29,"15","56"
"329",37.599,127.026,2.88,306.67,"15","56"
"371",37.608,127.037,2.73,304.2,"15","56"
"370",37.599,127.037,2.81,305.57,"15","56"
"376",37.617,127.026,2.68,304.94,"16","55"
"291",37.617,127.014,2.85,303.39,"16","55"
"377",37.617,127.037,2.64,303.59,"16","55"
"283",37.599,127.014,3,307.22,"16","55"
"287",37.608,127.014,2.88,303.69,"16","55"
"299",37.608,127.026,2.77,305.29,"16","55"
"329",37.599,127.026,2.88,306.67,"16","55"
"371",37.608,127.037,2.73,304.2,"16","55"
"370",37.599,127.037,2.81,305.57,"16","55"
"376",37.617,127.026,2.68,304.94,"17","54"
"291",37.617,127.014,2.85,303.39,"17","54"
"377",37.617,127.037,2.64,303.59,"17","54"
"379",37.626,127.038,2.56,303.64,"17","54"
"378",37.626,127.026,2.64,302.52,"17","54"
"283",37.599,127.014,3,307.22,"17","54"
"287",37.608,127.014,2.88,303.69,"17","54"
"329",37.599,127.026,2.88,306.67,"17","54"
"371",37.608,127.037,2.73,304.2,"17","54"
"370",37.599,127.037,2.81,305.57,"17","54"
"372",37.608,127.049,2.7,300.45,"17","54"
"374",37.617,127.049,2.6,299.72,"17","54"
"376",37.617,127.026,2.68,304.94,"18","53"
"291",37.617,127.014,2.85,303.39,"18","53"
"377",37.617,127.037,2.64,303.59,"18","53"
"379",37.626,127.038,2.56,303.64,"18","53"
"378",37.626,127.026,2.64,302.52,"18","53"
"295",37.627,127.014,2.94,301,"18","53"
"381",37.636,127.026,2.54,297.8,"18","53"
"382",37.636,127.038,2.49,302.99,"18","53"
"386",37.645,127.015,2.77,292.57,"18","53"
"387",37.645,127.026,2.49,299.11,"18","53"
"390",37.654,127.015,2.76,293.34,"18","53"
"393",37.664,127.015,2.88,292.8,"18","53"
"395",37.673,127.015,3.16,294.64,"18","53"
"397",37.682,127.015,3.63,299.28,"18","53"
"399",37.654,127.026,2.58,301.94,"18","53"
"403",37.663,127.05,2.65,313.26,"18","53"
"404",37.673,127.027,2.92,303.58,"18","53"
"405",37.672,127.038,2.79,311.64,"18","53"
"406",37.672,127.05,2.75,320.05,"18","53"
"407",37.645,127.05,2.55,305.19,"18","53"
"408",37.654,127.05,2.57,307.82,"18","53"
"409",37.682,127.027,3.25,302.89,"18","53"
"410",37.682,127.039,3,309.39,"18","53"
"411",37.682,127.05,2.93,321.17,"18","53"
"412",37.691,127.015,4.41,303.37,"18","53"
"413",37.691,127.027,3.74,301.02,"18","53"
"414",37.691,127.039,3.23,304.91,"18","53"
"415",37.7,127.016,5.19,296.41,"18","53"
"416",37.7,127.027,4.64,292.71,"18","53"
"380",37.626,127.049,2.55,302.51,"18","53"
"283",37.599,127.014,3,307.22,"18","53"
"287",37.608,127.014,2.88,303.69,"18","53"
"231",37.59,127.025,2.93,307.06,"18","53"
"329",37.599,127.026,2.88,306.67,"18","53"
"371",37.608,127.037,2.73,304.2,"18","53"
"370",37.599,127.037,2.81,305.57,"18","53"
"361",37.599,127.049,2.8,303.45,"18","53"
"372",37.608,127.049,2.7,300.45,"18","53"
"374",37.617,127.049,2.6,299.72,"18","53"
"383",37.635,127.049,2.54,304.29,"18","53"
"364",37.598,127.107,3.06,251.48,"19","51"
"291",37.617,127.014,2.85,303.39,"20","52"
"290",37.617,127.003,3.33,305.44,"20","52"
"378",37.626,127.026,2.64,302.52,"20","52"
"294",37.627,127.003,3.58,302.36,"20","52"
"295",37.627,127.014,2.94,301,"20","52"
"298",37.636,127.015,2.91,294.37,"20","52"
"381",37.636,127.026,2.54,297.8,"20","52"
"386",37.645,127.015,2.77,292.57,"20","52"
"387",37.645,127.026,2.49,299.11,"20","52"
"390",37.654,127.015,2.76,293.34,"20","52"
"391",37.664,126.992,5.29,275.73,"20","52"
"392",37.664,127.003,3.85,284.19,"20","52"
"393",37.664,127.015,2.88,292.8,"20","52"
"394",37.673,127.004,4.15,281.4,"20","52"
"395",37.673,127.015,3.16,294.64,"20","52"
"396",37.682,127.004,4.32,287.06,"20","52"
"397",37.682,127.015,3.63,299.28,"20","52"
"403",37.663,127.05,2.65,313.26,"20","52"
"406",37.672,127.05,2.75,320.05,"20","52"
"407",37.645,127.05,2.55,305.19,"20","52"
"408",37.654,127.05,2.57,307.82,"20","52"
"411",37.682,127.05,2.93,321.17,"20","52"
"412",37.691,127.015,4.41,303.37,"20","52"
"414",37.691,127.039,3.23,304.91,"20","52"
"415",37.7,127.016,5.19,296.41,"20","52"
"416",37.7,127.027,4.64,292.71,"20","52"
"380",37.626,127.049,2.55,302.51,"20","52"
"373",37.608,127.061,2.66,294.75,"20","52"
"324",37.608,127.072,2.71,294.44,"20","52"
"362",37.617,127.073,2.69,295.38,"20","52"
"419",37.626,127.073,2.67,298.98,"20","52"
"422",37.635,127.073,2.62,299.22,"20","52"
"573",37.598,127.061,2.77,296.57,"20","52"
"282",37.599,127.002,3.3,309.29,"20","52"
"286",37.608,127.003,3.25,305.01,"20","52"
"328",37.59,127.014,3.02,310.64,"20","52"
"283",37.599,127.014,3,307.22,"20","52"
"287",37.608,127.014,2.88,303.69,"20","52"
"231",37.59,127.025,2.93,307.06,"20","52"
"329",37.599,127.026,2.88,306.67,"20","52"
"357",37.589,127.037,2.84,305.15,"20","52"
"370",37.599,127.037,2.81,305.57,"20","52"
"360",37.589,127.049,2.83,303.64,"20","52"
"361",37.599,127.049,2.8,303.45,"20","52"
"372",37.608,127.049,2.7,300.45,"20","52"
"374",37.617,127.049,2.6,299.72,"20","52"
"375",37.617,127.061,2.62,296.64,"20","52"
"417",37.626,127.061,2.6,300.71,"20","52"
"418",37.635,127.061,2.58,301.19,"20","52"
"383",37.635,127.049,2.54,304.29,"20","52"
"430",37.645,127.061,2.58,300.47,"20","52"
"437",37.672,127.062,2.76,324.44,"20","52"
"441",37.681,127.074,3.18,337.96,"20","52"
"442",37.681,127.085,3.28,327.82,"20","52"
"440",37.681,127.062,2.99,333.73,"20","52"
"445",37.69,127.085,3.96,325.24,"20","52"
"443",37.691,127.062,3.14,332.74,"20","52"
"444",37.691,127.074,3.52,345.12,"20","52"
"483",37.59,126.944,3.48,325.39,"21","54"
"450",37.6,126.944,3.34,334.06,"21","54"
"484",37.59,126.956,3.66,315,"21","54"
"493",37.599,126.956,3.46,326.25,"21","54"
"315",37.58,127.084,2.86,275.22,"22","46"
"316",37.58,127.095,3.2,251.88,"22","46"
"318",37.589,127.084,2.82,277.51,"22","46"
"319",37.589,127.095,2.86,245.27,"22","46"
"315",37.58,127.084,2.86,275.22,"23","47"
"316",37.58,127.095,3.2,251.88,"23","47"
"320",37.589,127.107,3.37,252.38,"23","47"
"318",37.589,127.084,2.82,277.51,"23","47"
"319",37.589,127.095,2.86,245.27,"23","47"
"322",37.598,127.084,2.79,285,"23","47"
"323",37.598,127.095,2.77,266.86,"23","47"
"313",37.57,127.095,3.26,319.96,"24","48"
"312",37.571,127.083,2.89,291.36,"24","48"
"315",37.58,127.084,2.86,275.22,"24","48"
"316",37.58,127.095,3.2,251.88,"24","48"
"320",37.589,127.107,3.37,252.38,"24","48"
"318",37.589,127.084,2.82,277.51,"24","48"
"319",37.589,127.095,2.86,245.27,"24","48"
"322",37.598,127.084,2.79,285,"24","48"
"364",37.598,127.107,3.06,251.48,"24","48"
"323",37.598,127.095,2.77,266.86,"24","48"
"278",37.58,127.025,2.95,302.61,"25","46"
"356",37.58,127.037,2.9,299.48,"25","46"
"355",37.571,127.037,2.92,296.02,"25","46"
"354",37.571,127.025,2.97,298.99,"25","46"
"313",37.57,127.095,3.26,319.96,"26","49"
"312",37.571,127.083,2.89,291.36,"26","49"
"315",37.58,127.084,2.86,275.22,"26","49"
"316",37.58,127.095,3.2,251.88,"26","49"
"314",37.58,127.072,2.9,288.43,"26","49"
"320",37.589,127.107,3.37,252.38,"26","49"
"318",37.589,127.084,2.82,277.51,"26","49"
"317",37.589,127.072,2.85,290.68,"26","49"
"322",37.598,127.084,2.79,285,"26","49"
"364",37.598,127.107,3.06,251.48,"26","49"
"321",37.598,127.072,2.77,291.83,"26","49"
"323",37.598,127.095,2.77,266.86,"26","49"
"365",37.607,127.096,2.76,279.73,"26","49"
"366",37.607,127.107,2.89,268.64,"26","49"
"325",37.607,127.084,2.77,290.88,"26","49"
"275",37.57,127.165,2.99,279.94,"27","55"
"309",37.569,127.176,2.96,277.7,"27","55"
"210",37.571,127.002,3.05,300.31,"28","44"
"538",37.571,127.013,2.99,301.15,"28","44"
"313",37.57,127.095,3.26,319.96,"29","51"
"31",37.564,126.781,3.82,290.73,"30","51"
"313",37.57,127.095,3.26,319.96,"31","50"
"311",37.571,127.072,2.92,287.53,"31","50"
"312",37.571,127.083,2.89,291.36,"31","50"
"315",37.58,127.084,2.86,275.22,"31","50"
"314",37.58,127.072,2.9,288.43,"31","50"
"320",37.589,127.107,3.37,252.38,"31","50"
"317",37.589,127.072,2.85,290.68,"31","50"
"322",37.598,127.084,2.79,285,"31","50"
"364",37.598,127.107,3.06,251.48,"31","50"
"321",37.598,127.072,2.77,291.83,"31","50"
"365",37.607,127.096,2.76,279.73,"31","50"
"366",37.607,127.107,2.89,268.64,"31","50"
"325",37.607,127.084,2.77,290.88,"31","50"
"324",37.608,127.072,2.71,294.44,"31","50"
"368",37.616,127.107,2.81,277.47,"31","50"
"363",37.617,127.084,2.73,289.88,"31","50"
"367",37.617,127.096,2.71,281.57,"31","50"
"210",37.571,127.002,3.05,300.31,"32","45"
"537",37.581,127.002,3.09,311.64,"32","45"
"538",37.571,127.013,2.99,301.15,"32","45"
"539",37.58,127.014,3.01,307.54,"32","45"
"548",37.562,127.002,3.2,293.04,"32","45"
"551",37.562,127.013,3.05,295.49,"32","45"
"304",37.561,127.13,2.94,292.36,"33","56"
"304",37.561,127.13,2.94,292.36,"34","56"
"1",37.571,126.99,3.13,305.21,"35","46"
"7",37.581,126.99,3.13,315.9,"35","46"
"210",37.571,127.002,3.05,300.31,"35","46"
"537",37.581,127.002,3.09,311.64,"35","46"
"538",37.571,127.013,2.99,301.15,"35","46"
"539",37.58,127.014,3.01,307.54,"35","46"
"547",37.562,126.99,3.29,300.78,"35","46"
"548",37.562,127.002,3.2,293.04,"35","46"
"551",37.562,127.013,3.05,295.49,"35","46"
"310",37.562,126.967,3.18,318.06,"36","43"
"545",37.562,126.979,3.18,315,"36","43"
"310",37.562,126.967,3.18,318.06,"37","44"
"5",37.572,126.967,3.29,318.12,"37","44"
"6",37.572,126.979,3.16,314.18,"37","44"
"545",37.562,126.979,3.18,315,"37","44"
"302",37.552,127.118,2.96,294.71,"38","55"
"310",37.562,126.967,3.18,318.06,"39","45"
"5",37.572,126.967,3.29,318.12,"39","45"
"558",37.553,126.967,3.19,312.22,"39","45"
"6",37.572,126.979,3.16,314.18,"39","45"
"545",37.562,126.979,3.18,315,"39","45"
"553",37.553,126.978,3.19,316.88,"39","45"
"310",37.562,126.967,3.18,318.06,"40","46"
"5",37.572,126.967,3.29,318.12,"40","46"
"558",37.553,126.967,3.19,312.22,"40","46"
"6",37.572,126.979,3.16,314.18,"40","46"
"1",37.571,126.99,3.13,305.21,"40","46"
"545",37.562,126.979,3.18,315,"40","46"
"547",37.562,126.99,3.29,300.78,"40","46"
"553",37.553,126.978,3.19,316.88,"40","46"
"480",37.563,126.955,3.32,319.43,"41","47"
"478",37.572,126.955,3.49,322.93,"41","47"
"310",37.562,126.967,3.18,318.06,"41","47"
"4",37.581,126.967,3.43,314.06,"41","47"
"5",37.572,126.967,3.29,318.12,"41","47"
"558",37.553,126.967,3.19,312.22,"41","47"
"279",37.581,126.979,3.17,316.42,"41","47"
"6",37.572,126.979,3.16,314.18,"41","47"
"1",37.571,126.99,3.13,305.21,"41","47"
"7",37.581,126.99,3.13,315.9,"41","47"
"278",37.58,127.025,2.95,302.61,"41","47"
"356",37.58,127.037,2.9,299.48,"41","47"
"537",37.581,127.002,3.09,311.64,"41","47"
"538",37.571,127.013,2.99,301.15,"41","47"
"539",37.58,127.014,3.01,307.54,"41","47"
"545",37.562,126.979,3.18,315,"41","47"
"546",37.553,126.99,3.36,312.04,"41","47"
"547",37.562,126.99,3.29,300.78,"41","47"
"548",37.562,127.002,3.2,293.04,"41","47"
"551",37.562,127.013,3.05,295.49,"41","47"
"355",37.571,127.037,2.92,296.02,"41","47"
"553",37.553,126.978,3.19,316.88,"41","47"
"354",37.571,127.025,2.97,298.99,"41","47"
"108",37.545,126.897,3.58,296.25,"42","57"
"503",37.545,126.908,3.6,300.1,"42","57"
"110",37.554,126.897,3.59,299.44,"42","57"
"501",37.554,126.909,3.57,302.4,"42","57"
"504",37.563,126.897,3.53,301.09,"42","57"
"505",37.563,126.909,3.48,303.75,"42","57"
"274",37.57,127.153,3,282.7,"43","56"
"273",37.56,127.165,2.9,274.57,"43","56"
"275",37.57,127.165,2.99,279.94,"43","56"
"277",37.551,127.176,2.81,268,"43","56"
"309",37.569,127.176,2.96,277.7,"43","56"
"308",37.56,127.176,2.89,271.9,"43","56"
"274",37.57,127.153,3,282.7,"44","57"
"272",37.561,127.153,2.93,279.25,"44","57"
"276",37.551,127.164,2.88,270.78,"44","57"
"273",37.56,127.165,2.9,274.57,"44","57"
"275",37.57,127.165,2.99,279.94,"44","57"
"277",37.551,127.176,2.81,268,"44","57"
"308",37.56,127.176,2.89,271.9,"44","57"
"307",37.542,127.129,2.96,277.26,"45","64"
"303",37.552,127.13,2.98,288.67,"45","64"
"268",37.542,127.141,2.88,272.45,"45","64"
"270",37.551,127.141,2.93,282.46,"45","64"
"335",37.543,127.048,3.13,285.21,"46","60"
"307",37.542,127.129,2.96,277.26,"47","63"
"303",37.552,127.13,2.98,288.67,"47","63"
"300",37.533,127.141,2.86,271.38,"47","63"
"268",37.542,127.141,2.88,272.45,"47","63"
"270",37.551,127.141,2.93,282.46,"47","63"
"333",37.534,127.048,3.18,280.88,"48","59"
"338",37.543,127.06,3.1,282.23,"48","59"
"335",37.543,127.048,3.13,285.21,"48","59"
"216",37.534,127.013,3.19,299.07,"49","48"
"559",37.544,126.967,3.24,303.51,"49","48"
"557",37.544,126.978,3.19,308.69,"49","48"
"568",37.534,127.001,3.22,303.19,"49","48"
"480",37.563,126.955,3.32,319.43,"49","48"
"478",37.572,126.955,3.49,322.93,"49","48"
"310",37.562,126.967,3.18,318.06,"49","48"
"4",37.581,126.967,3.43,314.06,"49","48"
"5",37.572,126.967,3.29,318.12,"49","48"
"496",37.553,126.955,3.27,313.19,"49","48"
"558",37.553,126.967,3.19,312.22,"49","48"
"279",37.581,126.979,3.17,316.42,"49","48"
"7",37.581,126.99,3.13,315.9,"49","48"
"369",37.59,126.991,3.32,321.98,"49","48"
"327",37.59,127.002,3.2,314.67,"49","48"
"332",37.544,127.013,3.17,299.17,"49","48"
"328",37.59,127.014,3.02,310.64,"49","48"
"278",37.58,127.025,2.95,302.61,"49","48"
"231",37.59,127.025,2.93,307.06,"49","48"
"357",37.589,127.037,2.84,305.15,"49","48"
"356",37.58,127.037,2.9,299.48,"49","48"
"537",37.581,127.002,3.09,311.64,"49","48"
"538",37.571,127.013,2.99,301.15,"49","48"
"539",37.58,127.014,3.01,307.54,"49","48"
"546",37.553,126.99,3.36,312.04,"49","48"
"547",37.562,126.99,3.29,300.78,"49","48"
"548",37.562,127.002,3.2,293.04,"49","48"
"549",37.553,127.002,3.36,301.87,"49","48"
"550",37.553,127.013,3.17,297.77,"49","48"
"551",37.562,127.013,3.05,295.49,"49","48"
"552",37.562,127.025,3.03,298.78,"49","48"
"355",37.571,127.037,2.92,296.02,"49","48"
"555",37.544,126.99,3.23,312.2,"49","48"
"569",37.544,127.001,3.27,306.12,"49","48"
"571",37.562,127.037,2.95,297.09,"49","48"
"553",37.553,126.978,3.19,316.88,"49","48"
"354",37.571,127.025,2.97,298.99,"49","48"
"333",37.534,127.048,3.18,280.88,"50","58"
"337",37.534,127.059,3.15,281.48,"50","58"
"338",37.543,127.06,3.1,282.23,"50","58"
"335",37.543,127.048,3.13,285.21,"50","58"
"339",37.552,127.06,3.01,284.73,"50","58"
"336",37.552,127.048,3.03,290,"50","58"
"306",37.533,127.129,2.96,274.2,"51","62"
"307",37.542,127.129,2.96,277.26,"51","62"
"303",37.552,127.13,2.98,288.67,"51","62"
"300",37.533,127.141,2.86,271.38,"51","62"
"268",37.542,127.141,2.88,272.45,"51","62"
"270",37.551,127.141,2.93,282.46,"51","62"
"271",37.551,127.153,2.87,275.41,"51","62"
"269",37.542,127.153,2.85,268,"51","62"
"333",37.534,127.048,3.18,280.88,"52","57"
"337",37.534,127.059,3.15,281.48,"52","57"
"338",37.543,127.06,3.1,282.23,"52","57"
"335",37.543,127.048,3.13,285.21,"52","57"
"334",37.543,127.036,3.13,290.36,"52","57"
"339",37.552,127.06,3.01,284.73,"52","57"
"336",37.552,127.048,3.03,290,"52","57"
"333",37.534,127.048,3.18,280.88,"53","56"
"218",37.534,127.036,3.18,283.94,"53","56"
"337",37.534,127.059,3.15,281.48,"53","56"
"338",37.543,127.06,3.1,282.23,"53","56"
"335",37.543,127.048,3.13,285.21,"53","56"
"334",37.543,127.036,3.13,290.36,"53","56"
"326",37.553,127.036,3.03,295.97,"53","56"
"339",37.552,127.06,3.01,284.73,"53","56"
"336",37.552,127.048,3.03,290,"53","56"
"238",37.534,127.071,3.14,280.74,"54","55"
"353",37.543,127.071,3.09,280.5,"54","55"
"340",37.552,127.071,3.01,281.91,"54","55"
"333",37.534,127.048,3.18,280.88,"54","55"
"218",37.534,127.036,3.18,283.94,"54","55"
"337",37.534,127.059,3.15,281.48,"54","55"
"338",37.543,127.06,3.1,282.23,"54","55"
"334",37.543,127.036,3.13,290.36,"54","55"
"326",37.553,127.036,3.03,295.97,"54","55"
"339",37.552,127.06,3.01,284.73,"54","55"
"336",37.552,127.048,3.03,290,"54","55"
"216",37.534,127.013,3.19,299.07,"55","49"
"554",37.535,126.99,3.26,303,"55","49"
"559",37.544,126.967,3.24,303.51,"55","49"
"557",37.544,126.978,3.19,308.69,"55","49"
"568",37.534,127.001,3.22,303.19,"55","49"
"480",37.563,126.955,3.32,319.43,"55","49"
"478",37.572,126.955,3.49,322.93,"55","49"
"482",37.581,126.955,3.69,318.86,"55","49"
"4",37.581,126.967,3.43,314.06,"55","49"
"5",37.572,126.967,3.29,318.12,"55","49"
"3",37.59,126.967,3.56,315.48,"55","49"
"496",37.553,126.955,3.27,313.19,"55","49"
"497",37.544,126.955,3.31,305.29,"55","49"
"558",37.553,126.967,3.19,312.22,"55","49"
"279",37.581,126.979,3.17,316.42,"55","49"
"8",37.59,126.979,3.35,323.18,"55","49"
"7",37.581,126.99,3.13,315.9,"55","49"
"369",37.59,126.991,3.32,321.98,"55","49"
"327",37.59,127.002,3.2,314.67,"55","49"
"332",37.544,127.013,3.17,299.17,"55","49"
"328",37.59,127.014,3.02,310.64,"55","49"
"330",37.553,127.025,3.02,298.17,"55","49"
"278",37.58,127.025,2.95,302.61,"55","49"
"231",37.59,127.025,2.93,307.06,"55","49"
"357",37.589,127.037,2.84,305.15,"55","49"
"356",37.58,127.037,2.9,299.48,"55","49"
"539",37.58,127.014,3.01,307.54,"55","49"
"546",37.553,126.99,3.36,312.04,"55","49"
"549",37.553,127.002,3.36,301.87,"55","49"
"550",37.553,127.013,3.17,297.77,"55","49"
"551",37.562,127.013,3.05,295.49,"55","49"
"552",37.562,127.025,3.03,298.78,"55","49"
"355",37.571,127.037,2.92,296.02,"55","49"
"555",37.544,126.99,3.23,312.2,"55","49"
"569",37.544,127.001,3.27,306.12,"55","49"
"571",37.562,127.037,2.95,297.09,"55","49"
"344",37.571,127.048,2.91,294.81,"55","49"
"358",37.58,127.049,2.89,297.76,"55","49"
"304",37.561,127.13,2.94,292.36,"56","61"
"306",37.533,127.129,2.96,274.2,"56","61"
"307",37.542,127.129,2.96,277.26,"56","61"
"303",37.552,127.13,2.98,288.67,"56","61"
"300",37.533,127.141,2.86,271.38,"56","61"
"268",37.542,127.141,2.88,272.45,"56","61"
"270",37.551,127.141,2.93,282.46,"56","61"
"305",37.561,127.141,2.98,285.97,"56","61"
"301",37.533,127.152,2.82,267.93,"56","61"
"271",37.551,127.153,2.87,275.41,"56","61"
"272",37.561,127.153,2.93,279.25,"56","61"
"269",37.542,127.153,2.85,268,"56","61"
"212",37.525,127.013,3.28,291.9,"57","50"
"217",37.534,127.025,3.18,290.76,"57","50"
"216",37.534,127.013,3.19,299.07,"57","50"
"554",37.535,126.99,3.26,303,"57","50"
"556",37.535,126.978,3.29,298.69,"57","50"
"559",37.544,126.967,3.24,303.51,"57","50"
"557",37.544,126.978,3.19,308.69,"57","50"
"560",37.535,126.966,3.34,296.57,"57","50"
"567",37.525,127.001,3.32,295.53,"57","50"
"568",37.534,127.001,3.22,303.19,"57","50"
"477",37.572,126.944,3.47,334.6,"57","50"
"480",37.563,126.955,3.32,319.43,"57","50"
"478",37.572,126.955,3.49,322.93,"57","50"
"482",37.581,126.955,3.69,318.86,"57","50"
"4",37.581,126.967,3.43,314.06,"57","50"
"3",37.59,126.967,3.56,315.48,"57","50"
"485",37.563,126.943,3.37,325.48,"57","50"
"486",37.553,126.943,3.33,317.39,"57","50"
"496",37.553,126.955,3.27,313.19,"57","50"
"497",37.544,126.955,3.31,305.29,"57","50"
"8",37.59,126.979,3.35,323.18,"57","50"
"280",37.599,126.979,3.64,325.62,"57","50"
"281",37.599,126.991,3.58,317.78,"57","50"
"369",37.59,126.991,3.32,321.98,"57","50"
"327",37.59,127.002,3.2,314.67,"57","50"
"282",37.599,127.002,3.3,309.29,"57","50"
"332",37.544,127.013,3.17,299.17,"57","50"
"328",37.59,127.014,3.02,310.64,"57","50"
"283",37.599,127.014,3,307.22,"57","50"
"331",37.543,127.025,3.1,294.57,"57","50"
"330",37.553,127.025,3.02,298.17,"57","50"
"231",37.59,127.025,2.93,307.06,"57","50"
"326",37.553,127.036,3.03,295.97,"57","50"
"357",37.589,127.037,2.84,305.15,"57","50"
"356",37.58,127.037,2.9,299.48,"57","50"
"550",37.553,127.013,3.17,297.77,"57","50"
"552",37.562,127.025,3.03,298.78,"57","50"
"355",37.571,127.037,2.92,296.02,"57","50"
"555",37.544,126.99,3.23,312.2,"57","50"
"571",37.562,127.037,2.95,297.09,"57","50"
"341",37.562,127.048,2.95,293.42,"57","50"
"344",37.571,127.048,2.91,294.81,"57","50"
"358",37.58,127.049,2.89,297.76,"57","50"
"360",37.589,127.049,2.83,303.64,"57","50"
"245",37.542,127.118,3.03,282.4,"58","60"
"302",37.552,127.118,2.96,294.71,"58","60"
"304",37.561,127.13,2.94,292.36,"58","60"
"263",37.524,127.129,2.96,269.45,"58","60"
"306",37.533,127.129,2.96,274.2,"58","60"
"307",37.542,127.129,2.96,277.26,"58","60"
"303",37.552,127.13,2.98,288.67,"58","60"
"300",37.533,127.141,2.86,271.38,"58","60"
"264",37.524,127.141,2.86,266.7,"58","60"
"305",37.561,127.141,2.98,285.97,"58","60"
"301",37.533,127.152,2.82,267.93,"58","60"
"271",37.551,127.153,2.87,275.41,"58","60"
"272",37.561,127.153,2.93,279.25,"58","60"
"269",37.542,127.153,2.85,268,"58","60"
"86",37.526,126.896,3.46,290.73,"59","59"
"245",37.542,127.118,3.03,282.4,"60","59"
"243",37.533,127.118,3.05,276.22,"60","59"
"302",37.552,127.118,2.96,294.71,"60","59"
"304",37.561,127.13,2.94,292.36,"60","59"
"263",37.524,127.129,2.96,269.45,"60","59"
"306",37.533,127.129,2.96,274.2,"60","59"
"307",37.542,127.129,2.96,277.26,"60","59"
"303",37.552,127.13,2.98,288.67,"60","59"
"264",37.524,127.141,2.86,266.7,"60","59"
"305",37.561,127.141,2.98,285.97,"60","59"
"301",37.533,127.152,2.82,267.93,"60","59"
"271",37.551,127.153,2.87,275.41,"60","59"
"272",37.561,127.153,2.93,279.25,"60","59"
"269",37.542,127.153,2.85,268,"60","59"
"276",37.551,127.164,2.88,270.78,"60","59"
"273",37.56,127.165,2.9,274.57,"60","59"
"523",37.527,126.862,3.47,286.89,"61","44"
"522",37.527,126.85,3.45,282.58,"61","44"
"519",37.517,126.862,3.47,286.48,"62","45"
"518",37.517,126.85,3.4,282.22,"62","45"
"523",37.527,126.862,3.47,286.89,"62","45"
"522",37.527,126.85,3.45,282.58,"62","45"
"529",37.536,126.85,3.46,286.41,"62","45"
"532",37.536,126.862,3.45,290.31,"62","45"
"87",37.517,126.896,3.43,287.09,"63","58"
"74",37.517,126.908,3.39,286.92,"63","58"
"75",37.526,126.908,3.45,290.58,"63","58"
"86",37.526,126.896,3.46,290.73,"63","58"
"89",37.535,126.897,3.5,293.85,"63","58"
"82",37.535,126.908,3.53,295.42,"63","58"
"245",37.542,127.118,3.03,282.4,"64","58"
"243",37.533,127.118,3.05,276.22,"64","58"
"242",37.524,127.118,3.05,271.62,"64","58"
"302",37.552,127.118,2.96,294.71,"64","58"
"304",37.561,127.13,2.94,292.36,"64","58"
"261",37.515,127.129,2.94,263.45,"64","58"
"263",37.524,127.129,2.96,269.45,"64","58"
"306",37.533,127.129,2.96,274.2,"64","58"
"303",37.552,127.13,2.98,288.67,"64","58"
"262",37.515,127.141,2.87,260.94,"64","58"
"264",37.524,127.141,2.86,266.7,"64","58"
"305",37.561,127.141,2.98,285.97,"64","58"
"274",37.57,127.153,3,282.7,"64","58"
"272",37.561,127.153,2.93,279.25,"64","58"
"276",37.551,127.164,2.88,270.78,"64","58"
"273",37.56,127.165,2.9,274.57,"64","58"
"519",37.517,126.862,3.47,286.48,"65","46"
"518",37.517,126.85,3.4,282.22,"65","46"
"523",37.527,126.862,3.47,286.89,"65","46"
"522",37.527,126.85,3.45,282.58,"65","46"
"529",37.536,126.85,3.46,286.41,"65","46"
"532",37.536,126.862,3.45,290.31,"65","46"
"174",37.516,127.048,3.14,277.22,"66","46"
"519",37.517,126.862,3.47,286.48,"67","47"
"517",37.517,126.838,3.53,278.94,"67","47"
"518",37.517,126.85,3.4,282.22,"67","47"
"523",37.527,126.862,3.47,286.89,"67","47"
"522",37.527,126.85,3.45,282.58,"67","47"
"521",37.527,126.838,3.43,274.09,"67","47"
"528",37.536,126.838,3.48,280.28,"67","47"
"529",37.536,126.85,3.46,286.41,"67","47"
"532",37.536,126.862,3.45,290.31,"67","47"
"516",37.518,126.827,3.59,276.76,"68","50"
"174",37.516,127.048,3.14,277.22,"69","47"
"215",37.516,127.036,3.17,280.37,"69","47"
"176",37.525,127.048,3.12,277.85,"69","47"
"260",37.515,127.117,3.02,265.05,"70","57"
"245",37.542,127.118,3.03,282.4,"70","57"
"243",37.533,127.118,3.05,276.22,"70","57"
"242",37.524,127.118,3.05,271.62,"70","57"
"302",37.552,127.118,2.96,294.71,"70","57"
"304",37.561,127.13,2.94,292.36,"70","57"
"258",37.505,127.129,2.93,262.02,"70","57"
"261",37.515,127.129,2.94,263.45,"70","57"
"263",37.524,127.129,2.96,269.45,"70","57"
"259",37.505,127.14,2.87,258.61,"70","57"
"262",37.515,127.141,2.87,260.94,"70","57"
"305",37.561,127.141,2.98,285.97,"70","57"
"50",37.508,126.85,3.41,287.02,"71","48"
"515",37.508,126.838,3.53,291.91,"71","48"
"51",37.508,126.861,3.45,287.61,"71","48"
"519",37.517,126.862,3.47,286.48,"71","48"
"517",37.517,126.838,3.53,278.94,"71","48"
"518",37.517,126.85,3.4,282.22,"71","48"
"523",37.527,126.862,3.47,286.89,"71","48"
"521",37.527,126.838,3.43,274.09,"71","48"
"527",37.536,126.827,3.53,277.12,"71","48"
"528",37.536,126.838,3.48,280.28,"71","48"
"529",37.536,126.85,3.46,286.41,"71","48"
"532",37.536,126.862,3.45,290.31,"71","48"
"520",37.517,126.873,3.47,288.03,"71","48"
"524",37.526,126.873,3.47,289.63,"71","48"
"525",37.536,126.873,3.46,291.93,"71","48"
"17",37.545,126.827,3.56,281.24,"71","48"
"15",37.554,126.839,3.57,280.21,"71","48"
"14",37.554,126.827,3.6,280.48,"71","48"
"530",37.545,126.839,3.5,283.18,"71","48"
"531",37.545,126.85,3.46,285.59,"71","48"
"533",37.545,126.862,3.45,287.94,"71","48"
"173",37.506,127.059,3.12,274.13,"72","48"
"105",37.506,127.036,3.18,277.6,"72","48"
"106",37.506,127.047,3.14,275.75,"72","48"
"174",37.516,127.048,3.14,277.22,"72","48"
"175",37.515,127.059,3.11,275.59,"72","48"
"215",37.516,127.036,3.17,280.37,"72","48"
"177",37.525,127.059,3.15,278.3,"72","48"
"176",37.525,127.048,3.12,277.85,"72","48"
"214",37.525,127.036,3.15,280.33,"72","48"
"259",37.505,127.14,2.87,258.61,"73","57"
"50",37.508,126.85,3.41,287.02,"74","49"
"515",37.508,126.838,3.53,291.91,"74","49"
"51",37.508,126.861,3.45,287.61,"74","49"
"58",37.508,126.826,3.58,293.76,"74","49"
"519",37.517,126.862,3.47,286.48,"74","49"
"516",37.518,126.827,3.59,276.76,"74","49"
"517",37.517,126.838,3.53,278.94,"74","49"
"521",37.527,126.838,3.43,274.09,"74","49"
"527",37.536,126.827,3.53,277.12,"74","49"
"532",37.536,126.862,3.45,290.31,"74","49"
"520",37.517,126.873,3.47,288.03,"74","49"
"524",37.526,126.873,3.47,289.63,"74","49"
"525",37.536,126.873,3.46,291.93,"74","49"
"19",37.545,126.804,3.77,286.61,"74","49"
"17",37.545,126.827,3.56,281.24,"74","49"
"16",37.545,126.815,3.67,282.67,"74","49"
"507",37.554,126.862,3.51,284.43,"74","49"
"15",37.554,126.839,3.57,280.21,"74","49"
"14",37.554,126.827,3.6,280.48,"74","49"
"18",37.555,126.815,3.67,283.48,"74","49"
"22",37.564,126.816,3.65,286.16,"74","49"
"9",37.564,126.827,3.64,283.91,"74","49"
"10",37.564,126.839,3.64,283.13,"74","49"
"530",37.545,126.839,3.5,283.18,"74","49"
"531",37.545,126.85,3.46,285.59,"74","49"
"533",37.545,126.862,3.45,287.94,"74","49"
"534",37.554,126.85,3.53,281.63,"74","49"
"535",37.564,126.851,3.61,284.84,"74","49"
"173",37.506,127.059,3.12,274.13,"75","49"
"105",37.506,127.036,3.18,277.6,"75","49"
"106",37.506,127.047,3.14,275.75,"75","49"
"175",37.515,127.059,3.11,275.59,"75","49"
"215",37.516,127.036,3.17,280.37,"75","49"
"177",37.525,127.059,3.15,278.3,"75","49"
"176",37.525,127.048,3.12,277.85,"75","49"
"214",37.525,127.036,3.15,280.33,"75","49"
"164",37.498,126.989,3.22,276.67,"76","63"
"165",37.498,127.001,3.25,273.32,"76","63"
"186",37.507,126.989,3.36,284.35,"76","63"
"187",37.507,127.001,3.35,283.52,"76","63"
"103",37.497,127.036,3.22,269.54,"77","50"
"104",37.497,127.047,3.16,270.57,"77","50"
"208",37.497,127.059,3.12,268.14,"77","50"
"173",37.506,127.059,3.12,274.13,"77","50"
"105",37.506,127.036,3.18,277.6,"77","50"
"106",37.506,127.047,3.14,275.75,"77","50"
"175",37.515,127.059,3.11,275.59,"77","50"
"215",37.516,127.036,3.17,280.37,"77","50"
"177",37.525,127.059,3.15,278.3,"77","50"
"176",37.525,127.048,3.12,277.85,"77","50"
"214",37.525,127.036,3.15,280.33,"77","50"
"164",37.498,126.989,3.22,276.67,"78","62"
"165",37.498,127.001,3.25,273.32,"78","62"
"186",37.507,126.989,3.36,284.35,"78","62"
"187",37.507,127.001,3.35,283.52,"78","62"
"49",37.499,126.861,3.43,285.39,"79","50"
"48",37.499,126.85,3.41,290.65,"79","50"
"55",37.499,126.838,3.43,298.45,"79","50"
"57",37.499,126.826,3.45,299.1,"79","50"
"50",37.508,126.85,3.41,287.02,"79","50"
"515",37.508,126.838,3.53,291.91,"79","50"
"51",37.508,126.861,3.45,287.61,"79","50"
"58",37.508,126.826,3.58,293.76,"79","50"
"519",37.517,126.862,3.47,286.48,"79","50"
"516",37.518,126.827,3.59,276.76,"79","50"
"532",37.536,126.862,3.45,290.31,"79","50"
"46",37.508,126.873,3.46,287.77,"79","50"
"520",37.517,126.873,3.47,288.03,"79","50"
"524",37.526,126.873,3.47,289.63,"79","50"
"525",37.536,126.873,3.46,291.93,"79","50"
"526",37.545,126.873,3.46,291.14,"79","50"
"33",37.546,126.792,3.8,289.43,"79","50"
"19",37.545,126.804,3.77,286.61,"79","50"
"16",37.545,126.815,3.67,282.67,"79","50"
"35",37.555,126.781,3.82,291.45,"79","50"
"507",37.554,126.862,3.51,284.43,"79","50"
"20",37.555,126.804,3.76,287.59,"79","50"
"18",37.555,126.815,3.67,283.48,"79","50"
"36",37.555,126.792,3.81,290.09,"79","50"
"509",37.563,126.862,3.58,287.46,"79","50"
"22",37.564,126.816,3.65,286.16,"79","50"
"9",37.564,126.827,3.64,283.91,"79","50"
"10",37.564,126.839,3.64,283.13,"79","50"
"32",37.564,126.792,3.8,289.52,"79","50"
"21",37.564,126.804,3.73,287.92,"79","50"
"24",37.573,126.816,3.63,291.26,"79","50"
"11",37.573,126.827,3.62,289.51,"79","50"
"23",37.573,126.804,3.71,291.35,"79","50"
"12",37.573,126.839,3.68,287.54,"79","50"
"29",37.573,126.792,3.79,289.33,"79","50"
"26",37.582,126.816,3.57,289.51,"79","50"
"25",37.582,126.804,3.68,291.15,"79","50"
"13",37.582,126.827,3.62,288.43,"79","50"
"533",37.545,126.862,3.45,287.94,"79","50"
"534",37.554,126.85,3.53,281.63,"79","50"
"535",37.564,126.851,3.61,284.84,"79","50"
"536",37.573,126.851,3.67,287.78,"79","50"
"164",37.498,126.989,3.22,276.67,"80","61"
"165",37.498,127.001,3.25,273.32,"80","61"
"186",37.507,126.989,3.36,284.35,"80","61"
"187",37.507,127.001,3.35,283.52,"80","61"
"191",37.516,127.001,3.37,288.86,"80","61"
"190",37.516,126.989,3.41,289.69,"80","61"
"250",37.496,127.105,3.13,259.71,"81","58"
"230",37.497,127.094,3.16,255.58,"81","58"
"229",37.497,127.082,3.13,256.19,"81","58"
"246",37.506,127.105,3.1,264.4,"81","58"
"220",37.506,127.094,3.14,266.06,"81","58"
"219",37.506,127.082,3.13,268.91,"81","58"
"45",37.499,126.896,3.38,279.25,"82","59"
"44",37.499,126.884,3.42,283.38,"82","59"
"164",37.498,126.989,3.22,276.67,"83","60"
"165",37.498,127.001,3.25,273.32,"83","60"
"186",37.507,126.989,3.36,284.35,"83","60"
"187",37.507,127.001,3.35,283.52,"83","60"
"191",37.516,127.001,3.37,288.86,"83","60"
"190",37.516,126.989,3.41,289.69,"83","60"
"561",37.535,126.955,3.41,298.32,"84","51"
"103",37.497,127.036,3.22,269.54,"84","51"
"104",37.497,127.047,3.16,270.57,"84","51"
"208",37.497,127.059,3.12,268.14,"84","51"
"347",37.561,127.095,3.07,311.57,"84","51"
"346",37.561,127.083,2.97,289.4,"84","51"
"173",37.506,127.059,3.12,274.13,"84","51"
"105",37.506,127.036,3.18,277.6,"84","51"
"189",37.507,127.024,3.24,279.26,"84","51"
"175",37.515,127.059,3.11,275.59,"84","51"
"215",37.516,127.036,3.17,280.37,"84","51"
"193",37.516,127.024,3.22,283.26,"84","51"
"177",37.525,127.059,3.15,278.3,"84","51"
"212",37.525,127.013,3.28,291.9,"84","51"
"176",37.525,127.048,3.12,277.85,"84","51"
"214",37.525,127.036,3.15,280.33,"84","51"
"213",37.525,127.024,3.22,285.59,"84","51"
"217",37.534,127.025,3.18,290.76,"84","51"
"216",37.534,127.013,3.19,299.07,"84","51"
"554",37.535,126.99,3.26,303,"84","51"
"556",37.535,126.978,3.29,298.69,"84","51"
"560",37.535,126.966,3.34,296.57,"84","51"
"567",37.525,127.001,3.32,295.53,"84","51"
"568",37.534,127.001,3.22,303.19,"84","51"
"570",37.525,126.99,3.35,295.13,"84","51"
"479",37.544,126.943,3.42,307.83,"84","51"
"477",37.572,126.944,3.47,334.6,"84","51"
"480",37.563,126.955,3.32,319.43,"84","51"
"478",37.572,126.955,3.49,322.93,"84","51"
"482",37.581,126.955,3.69,318.86,"84","51"
"484",37.59,126.956,3.66,315,"84","51"
"4",37.581,126.967,3.43,314.06,"84","51"
"3",37.59,126.967,3.56,315.48,"84","51"
"485",37.563,126.943,3.37,325.48,"84","51"
"486",37.553,126.943,3.33,317.39,"84","51"
"496",37.553,126.955,3.27,313.19,"84","51"
"497",37.544,126.955,3.31,305.29,"84","51"
"544",37.599,126.967,3.6,324.27,"84","51"
"290",37.617,127.003,3.33,305.44,"84","51"
"288",37.618,126.979,4.03,327.35,"84","51"
"289",37.618,126.991,3.93,313.16,"84","51"
"294",37.627,127.003,3.58,302.36,"84","51"
"295",37.627,127.014,2.94,301,"84","51"
"293",37.627,126.991,4.38,307.77,"84","51"
"292",37.627,126.979,4.65,321.89,"84","51"
"298",37.636,127.015,2.91,294.37,"84","51"
"381",37.636,127.026,2.54,297.8,"84","51"
"297",37.636,127.003,3.72,294.37,"84","51"
"296",37.636,126.991,4.7,296.82,"84","51"
"384",37.645,126.991,4.8,287.85,"84","51"
"386",37.645,127.015,2.77,292.57,"84","51"
"387",37.645,127.026,2.49,299.11,"84","51"
"388",37.655,126.992,5.08,284.94,"84","51"
"389",37.654,127.003,3.62,287.85,"84","51"
"390",37.654,127.015,2.76,293.34,"84","51"
"391",37.664,126.992,5.29,275.73,"84","51"
"392",37.664,127.003,3.85,284.19,"84","51"
"393",37.664,127.015,2.88,292.8,"84","51"
"403",37.663,127.05,2.65,313.26,"84","51"
"406",37.672,127.05,2.75,320.05,"84","51"
"408",37.654,127.05,2.57,307.82,"84","51"
"313",37.57,127.095,3.26,319.96,"84","51"
"311",37.571,127.072,2.92,287.53,"84","51"
"312",37.571,127.083,2.89,291.36,"84","51"
"359",37.58,127.06,2.9,294.76,"84","51"
"314",37.58,127.072,2.9,288.43,"84","51"
"317",37.589,127.072,2.85,290.68,"84","51"
"572",37.589,127.06,2.84,298.29,"84","51"
"364",37.598,127.107,3.06,251.48,"84","51"
"321",37.598,127.072,2.77,291.83,"84","51"
"366",37.607,127.107,2.89,268.64,"84","51"
"325",37.607,127.084,2.77,290.88,"84","51"
"373",37.608,127.061,2.66,294.75,"84","51"
"324",37.608,127.072,2.71,294.44,"84","51"
"368",37.616,127.107,2.81,277.47,"84","51"
"362",37.617,127.073,2.69,295.38,"84","51"
"363",37.617,127.084,2.73,289.88,"84","51"
"367",37.617,127.096,2.71,281.57,"84","51"
"420",37.626,127.084,2.69,294.07,"84","51"
"419",37.626,127.073,2.67,298.98,"84","51"
"421",37.626,127.096,2.68,289.45,"84","51"
"425",37.635,127.108,2.73,297.53,"84","51"
"422",37.635,127.073,2.62,299.22,"84","51"
"424",37.635,127.096,2.72,301.13,"84","51"
"423",37.635,127.084,2.65,298.92,"84","51"
"573",37.598,127.061,2.77,296.57,"84","51"
"284",37.608,126.979,3.77,326.91,"84","51"
"8",37.59,126.979,3.35,323.18,"84","51"
"280",37.599,126.979,3.64,325.62,"84","51"
"281",37.599,126.991,3.58,317.78,"84","51"
"285",37.608,126.991,3.71,313.35,"84","51"
"282",37.599,127.002,3.3,309.29,"84","51"
"286",37.608,127.003,3.25,305.01,"84","51"
"328",37.59,127.014,3.02,310.64,"84","51"
"283",37.599,127.014,3,307.22,"84","51"
"331",37.543,127.025,3.1,294.57,"84","51"
"330",37.553,127.025,3.02,298.17,"84","51"
"231",37.59,127.025,2.93,307.06,"84","51"
"326",37.553,127.036,3.03,295.97,"84","51"
"357",37.589,127.037,2.84,305.15,"84","51"
"571",37.562,127.037,2.95,297.09,"84","51"
"341",37.562,127.048,2.95,293.42,"84","51"
"345",37.571,127.06,2.92,292.43,"84","51"
"344",37.571,127.048,2.91,294.81,"84","51"
"358",37.58,127.049,2.89,297.76,"84","51"
"360",37.589,127.049,2.83,303.64,"84","51"
"361",37.599,127.049,2.8,303.45,"84","51"
"540",37.609,126.967,3.56,335.02,"84","51"
"375",37.617,127.061,2.62,296.64,"84","51"
"542",37.618,126.968,3.91,337.12,"84","51"
"543",37.627,126.968,4.66,335.01,"84","51"
"418",37.635,127.061,2.58,301.19,"84","51"
"427",37.644,127.085,2.63,307.5,"84","51"
"429",37.644,127.108,2.78,305.12,"84","51"
"426",37.644,127.073,2.58,300.77,"84","51"
"428",37.644,127.096,2.84,313.41,"84","51"
"430",37.645,127.061,2.58,300.47,"84","51"
"431",37.654,127.062,2.62,303.96,"84","51"
"432",37.654,127.073,2.57,304.68,"84","51"
"433",37.654,127.085,2.7,323.75,"84","51"
"435",37.663,127.073,2.57,312.24,"84","51"
"434",37.663,127.062,2.68,312.18,"84","51"
"436",37.663,127.085,2.86,331.49,"84","51"
"437",37.672,127.062,2.76,324.44,"84","51"
"439",37.672,127.085,2.96,323.13,"84","51"
"438",37.672,127.073,2.76,324.13,"84","51"
"441",37.681,127.074,3.18,337.96,"84","51"
"442",37.681,127.085,3.28,327.82,"84","51"
"440",37.681,127.062,2.99,333.73,"84","51"
"445",37.69,127.085,3.96,325.24,"84","51"
"164",37.498,126.989,3.22,276.67,"85","59"
"165",37.498,127.001,3.25,273.32,"85","59"
"186",37.507,126.989,3.36,284.35,"85","59"
"187",37.507,127.001,3.35,283.52,"85","59"
"191",37.516,127.001,3.37,288.86,"85","59"
"190",37.516,126.989,3.41,289.69,"85","59"
"41",37.489,126.884,3.4,281.27,"86","58"
"42",37.489,126.896,3.36,276.3,"86","58"
"45",37.499,126.896,3.38,279.25,"86","58"
"44",37.499,126.884,3.42,283.38,"86","58"
"37",37.508,126.885,3.43,285.24,"86","58"
"47",37.508,126.896,3.4,283.5,"86","58"
"163",37.488,127.001,3.23,260.62,"87","58"
"162",37.488,126.989,3.16,266.12,"87","58"
"184",37.497,127.012,3.27,269.41,"87","58"
"126",37.498,126.978,3.31,276.91,"87","58"
"164",37.498,126.989,3.22,276.67,"87","58"
"165",37.498,127.001,3.25,273.32,"87","58"
"188",37.507,127.012,3.3,281.22,"87","58"
"186",37.507,126.989,3.36,284.35,"87","58"
"187",37.507,127.001,3.35,283.52,"87","58"
"127",37.507,126.978,3.33,280.9,"87","58"
"191",37.516,127.001,3.37,288.86,"87","58"
"190",37.516,126.989,3.41,289.69,"87","58"
"163",37.488,127.001,3.23,260.62,"88","57"
"162",37.488,126.989,3.16,266.12,"88","57"
"184",37.497,127.012,3.27,269.41,"88","57"
"126",37.498,126.978,3.31,276.91,"88","57"
"164",37.498,126.989,3.22,276.67,"88","57"
"165",37.498,127.001,3.25,273.32,"88","57"
"188",37.507,127.012,3.3,281.22,"88","57"
"186",37.507,126.989,3.36,284.35,"88","57"
"187",37.507,127.001,3.35,283.52,"88","57"
"127",37.507,126.978,3.33,280.9,"88","57"
"191",37.516,127.001,3.37,288.86,"88","57"
"190",37.516,126.989,3.41,289.69,"88","57"
"566",37.516,126.978,3.4,286.87,"88","57"
"40",37.49,126.873,3.4,278.83,"89","55"
"228",37.487,127.094,3.36,260.75,"90","57"
"232",37.487,127.105,3.22,263.55,"90","57"
"227",37.488,127.082,3.31,256.75,"90","57"
"250",37.496,127.105,3.13,259.71,"90","57"
"230",37.497,127.094,3.16,255.58,"90","57"
"229",37.497,127.082,3.13,256.19,"90","57"
"246",37.506,127.105,3.1,264.4,"90","57"
"220",37.506,127.094,3.14,266.06,"90","57"
"219",37.506,127.082,3.13,268.91,"90","57"
"233",37.515,127.106,3.09,267.73,"90","57"
"223",37.515,127.094,3.13,271.05,"90","57"
"222",37.515,127.082,3.14,273.7,"90","57"
"40",37.49,126.873,3.4,278.83,"91","57"
"41",37.489,126.884,3.4,281.27,"91","57"
"42",37.489,126.896,3.36,276.3,"91","57"
"111",37.498,126.908,3.33,275.95,"91","57"
"45",37.499,126.896,3.38,279.25,"91","57"
"44",37.499,126.884,3.42,283.38,"91","57"
"37",37.508,126.885,3.43,285.24,"91","57"
"113",37.508,126.908,3.36,282.85,"91","57"
"47",37.508,126.896,3.4,283.5,"91","57"
"2",37.517,126.885,3.45,287.77,"91","57"
"87",37.517,126.896,3.43,287.09,"91","57"
"74",37.517,126.908,3.39,286.92,"91","57"
"75",37.526,126.908,3.45,290.58,"91","57"
"88",37.526,126.885,3.47,290.76,"91","57"
"86",37.526,126.896,3.46,290.73,"91","57"
"89",37.535,126.897,3.5,293.85,"91","57"
"82",37.535,126.908,3.53,295.42,"91","57"
"116",37.536,126.885,3.48,292.36,"91","57"
"163",37.488,127.001,3.23,260.62,"92","56"
"195",37.488,127.012,3.36,258.89,"92","56"
"162",37.488,126.989,3.16,266.12,"92","56"
"184",37.497,127.012,3.27,269.41,"92","56"
"126",37.498,126.978,3.31,276.91,"92","56"
"164",37.498,126.989,3.22,276.67,"92","56"
"188",37.507,127.012,3.3,281.22,"92","56"
"127",37.507,126.978,3.33,280.9,"92","56"
"192",37.516,127.013,3.3,286.15,"92","56"
"191",37.516,127.001,3.37,288.86,"92","56"
"190",37.516,126.989,3.41,289.69,"92","56"
"566",37.516,126.978,3.4,286.87,"92","56"
"132",37.489,126.919,3.27,261.71,"93","57"
"144",37.489,126.931,3.22,258.36,"93","57"
"40",37.49,126.873,3.4,278.83,"94","54"
"39",37.48,126.896,3.37,275.19,"95","56"
"38",37.48,126.884,3.38,279.73,"95","56"
"40",37.49,126.873,3.4,278.83,"95","56"
"115",37.489,126.908,3.3,268.05,"95","56"
"41",37.489,126.884,3.4,281.27,"95","56"
"42",37.489,126.896,3.36,276.3,"95","56"
"111",37.498,126.908,3.33,275.95,"95","56"
"44",37.499,126.884,3.42,283.38,"95","56"
"43",37.499,126.873,3.45,285.45,"95","56"
"37",37.508,126.885,3.43,285.24,"95","56"
"113",37.508,126.908,3.36,282.85,"95","56"
"46",37.508,126.873,3.46,287.77,"95","56"
"2",37.517,126.885,3.45,287.77,"95","56"
"74",37.517,126.908,3.39,286.92,"95","56"
"75",37.526,126.908,3.45,290.58,"95","56"
"88",37.526,126.885,3.47,290.76,"95","56"
"89",37.535,126.897,3.5,293.85,"95","56"
"82",37.535,126.908,3.53,295.42,"95","56"
"116",37.536,126.885,3.48,292.36,"95","56"
"108",37.545,126.897,3.58,296.25,"95","56"
"503",37.545,126.908,3.6,300.1,"95","56"
"112",37.498,126.919,3.29,272.8,"95","56"
"76",37.517,126.92,3.37,285.95,"95","56"
"79",37.526,126.92,3.44,291.18,"95","56"
"114",37.508,126.92,3.32,281.39,"95","56"
"83",37.535,126.92,3.54,298.23,"95","56"
"500",37.544,126.92,3.57,304.95,"95","56"
"110",37.554,126.897,3.59,299.44,"95","56"
"487",37.563,126.92,3.44,309.65,"95","56"
"495",37.572,126.909,3.4,300.85,"95","56"
"501",37.554,126.909,3.57,302.4,"95","56"
"502",37.554,126.92,3.5,307.49,"95","56"
"504",37.563,126.897,3.53,301.09,"95","56"
"505",37.563,126.909,3.48,303.75,"95","56"
"506",37.572,126.897,3.44,296.91,"95","56"
"161",37.479,127,3.41,258.07,"96","55"
"194",37.479,127.012,3.63,261.18,"96","55"
"163",37.488,127.001,3.23,260.62,"96","55"
"195",37.488,127.012,3.36,258.89,"96","55"
"162",37.488,126.989,3.16,266.12,"96","55"
"184",37.497,127.012,3.27,269.41,"96","55"
"126",37.498,126.978,3.31,276.91,"96","55"
"164",37.498,126.989,3.22,276.67,"96","55"
"188",37.507,127.012,3.3,281.22,"96","55"
"127",37.507,126.978,3.33,280.9,"96","55"
"192",37.516,127.013,3.3,286.15,"96","55"
"191",37.516,127.001,3.37,288.86,"96","55"
"190",37.516,126.989,3.41,289.69,"96","55"
"566",37.516,126.978,3.4,286.87,"96","55"
"567",37.525,127.001,3.32,295.53,"96","55"
"570",37.525,126.99,3.35,295.13,"96","55"
"81",37.526,126.943,3.46,289.59,"97","52"
"85",37.535,126.943,3.49,299.21,"97","52"
"561",37.535,126.955,3.41,298.32,"97","52"
"563",37.526,126.955,3.46,288.53,"97","52"
"171",37.479,127.035,3.17,267.48,"97","52"
"172",37.479,127.047,3.06,262.25,"97","52"
"196",37.488,127.024,3.36,263.45,"97","52"
"206",37.488,127.059,3.04,258.02,"97","52"
"198",37.488,127.047,3.11,266.64,"97","52"
"197",37.488,127.035,3.22,268.09,"97","52"
"103",37.497,127.036,3.22,269.54,"97","52"
"104",37.497,127.047,3.16,270.57,"97","52"
"208",37.497,127.059,3.12,268.14,"97","52"
"185",37.497,127.024,3.26,268.52,"97","52"
"211",37.506,127.071,3.12,271.65,"97","52"
"221",37.515,127.071,3.14,275.24,"97","52"
"234",37.525,127.071,3.17,278.46,"97","52"
"343",37.561,127.072,2.96,284.33,"97","52"
"347",37.561,127.095,3.07,311.57,"97","52"
"346",37.561,127.083,2.97,289.4,"97","52"
"173",37.506,127.059,3.12,274.13,"97","52"
"105",37.506,127.036,3.18,277.6,"97","52"
"189",37.507,127.024,3.24,279.26,"97","52"
"175",37.515,127.059,3.11,275.59,"97","52"
"192",37.516,127.013,3.3,286.15,"97","52"
"193",37.516,127.024,3.22,283.26,"97","52"
"177",37.525,127.059,3.15,278.3,"97","52"
"212",37.525,127.013,3.28,291.9,"97","52"
"176",37.525,127.048,3.12,277.85,"97","52"
"214",37.525,127.036,3.15,280.33,"97","52"
"213",37.525,127.024,3.22,285.59,"97","52"
"217",37.534,127.025,3.18,290.76,"97","52"
"333",37.534,127.048,3.18,280.88,"97","52"
"218",37.534,127.036,3.18,283.94,"97","52"
"554",37.535,126.99,3.26,303,"97","52"
"556",37.535,126.978,3.29,298.69,"97","52"
"560",37.535,126.966,3.34,296.57,"97","52"
"562",37.525,126.978,3.38,292.16,"97","52"
"564",37.526,126.966,3.43,288.95,"97","52"
"567",37.525,127.001,3.32,295.53,"97","52"
"570",37.525,126.99,3.35,295.13,"97","52"
"476",37.655,126.945,2.98,162.88,"97","52"
"479",37.544,126.943,3.42,307.83,"97","52"
"481",37.581,126.944,3.57,334.09,"97","52"
"477",37.572,126.944,3.47,334.6,"97","52"
"453",37.609,126.944,3.39,349.12,"97","52"
"459",37.618,126.944,3.69,0.15,"97","52"
"450",37.6,126.944,3.34,334.06,"97","52"
"474",37.646,126.945,3.16,142.18,"97","52"
"461",37.627,126.945,3.88,16.72,"97","52"
"471",37.637,126.945,3.54,88.73,"97","52"
"478",37.572,126.955,3.49,322.93,"97","52"
"482",37.581,126.955,3.69,318.86,"97","52"
"484",37.59,126.956,3.66,315,"97","52"
"472",37.636,126.956,4.26,0.6,"97","52"
"475",37.646,126.956,3.65,127.12,"97","52"
"468",37.627,126.956,4.56,346.43,"97","52"
"3",37.59,126.967,3.56,315.48,"97","52"
"485",37.563,126.943,3.37,325.48,"97","52"
"486",37.553,126.943,3.33,317.39,"97","52"
"493",37.599,126.956,3.46,326.25,"97","52"
"494",37.609,126.956,3.47,339.64,"97","52"
"497",37.544,126.955,3.31,305.29,"97","52"
"541",37.618,126.956,3.97,343.6,"97","52"
"544",37.599,126.967,3.6,324.27,"97","52"
"313",37.57,127.095,3.26,319.96,"97","52"
"311",37.571,127.072,2.92,287.53,"97","52"
"312",37.571,127.083,2.89,291.36,"97","52"
"464",37.59,126.932,3.34,330.95,"97","52"
"463",37.591,126.921,3.27,318.44,"97","52"
"449",37.6,126.933,3.28,335.79,"97","52"
"448",37.6,126.921,3.25,317.58,"97","52"
"452",37.609,126.933,3.25,350.77,"97","52"
"451",37.609,126.921,3.22,319.37,"97","52"
"462",37.609,126.909,3.18,297.84,"97","52"
"458",37.618,126.933,3.25,7,"97","52"
"455",37.618,126.921,3.13,321.34,"97","52"
"454",37.618,126.909,3.19,298.2,"97","52"
"456",37.628,126.91,3.29,293.88,"97","52"
"457",37.627,126.921,3.27,308.07,"97","52"
"460",37.627,126.933,3.31,24.08,"97","52"
"465",37.6,126.909,3.23,303.26,"97","52"
"466",37.591,126.909,3.24,308.66,"97","52"
"469",37.637,126.921,3.3,269.69,"97","52"
"470",37.637,126.933,3.25,141.84,"97","52"
"473",37.646,126.933,3.03,203.09,"97","52"
"488",37.563,126.932,3.38,322.88,"97","52"
"490",37.572,126.932,3.32,333.56,"97","52"
"492",37.581,126.932,3.34,336.59,"97","52"
"499",37.554,126.932,3.42,314.7,"97","52"
"331",37.543,127.025,3.1,294.57,"97","52"
"330",37.553,127.025,3.02,298.17,"97","52"
"334",37.543,127.036,3.13,290.36,"97","52"
"326",37.553,127.036,3.03,295.97,"97","52"
"571",37.562,127.037,2.95,297.09,"97","52"
"341",37.562,127.048,2.95,293.42,"97","52"
"342",37.562,127.06,2.95,288.78,"97","52"
"345",37.571,127.06,2.92,292.43,"97","52"
"344",37.571,127.048,2.91,294.81,"97","52"
"540",37.609,126.967,3.56,335.02,"97","52"
"542",37.618,126.968,3.91,337.12,"97","52"
"543",37.627,126.968,4.66,335.01,"97","52"
"128",37.479,126.966,3.52,248.52,"98","47"
"129",37.479,126.977,3.43,255.16,"98","47"
"253",37.478,127.117,3.1,266.42,"99","56"
"183",37.478,127.105,3.22,267.17,"99","56"
"226",37.478,127.082,3.45,268.13,"99","56"
"182",37.478,127.093,3.37,269.22,"99","56"
"228",37.487,127.094,3.36,260.75,"99","56"
"232",37.487,127.105,3.22,263.55,"99","56"
"248",37.487,127.117,3.07,266.18,"99","56"
"249",37.487,127.128,2.96,266.32,"99","56"
"227",37.488,127.082,3.31,256.75,"99","56"
"252",37.496,127.129,2.92,263.6,"99","56"
"250",37.496,127.105,3.13,259.71,"99","56"
"251",37.496,127.117,3.05,263.83,"99","56"
"229",37.497,127.082,3.13,256.19,"99","56"
"266",37.496,127.14,2.87,257.83,"99","56"
"267",37.496,127.152,2.79,236.07,"99","56"
"246",37.506,127.105,3.1,264.4,"99","56"
"219",37.506,127.082,3.13,268.91,"99","56"
"233",37.515,127.106,3.09,267.73,"99","56"
"223",37.515,127.094,3.13,271.05,"99","56"
"222",37.515,127.082,3.14,273.7,"99","56"
"237",37.524,127.106,3.12,274.16,"99","56"
"236",37.524,127.094,3.14,275.99,"99","56"
"241",37.533,127.106,3.11,277.48,"99","56"
"247",37.506,127.117,3.03,263.72,"99","56"
"260",37.515,127.117,3.02,265.05,"99","56"
"245",37.542,127.118,3.03,282.4,"99","56"
"243",37.533,127.118,3.05,276.22,"99","56"
"242",37.524,127.118,3.05,271.62,"99","56"
"302",37.552,127.118,2.96,294.71,"99","56"
"304",37.561,127.13,2.94,292.36,"99","56"
"258",37.505,127.129,2.93,262.02,"99","56"
"261",37.515,127.129,2.94,263.45,"99","56"
"259",37.505,127.14,2.87,258.61,"99","56"
"154",37.48,126.919,3.24,248.96,"100","56"
"141",37.48,126.931,3.22,240.79,"100","56"
"132",37.489,126.919,3.27,261.71,"100","56"
"112",37.498,126.919,3.29,272.8,"100","56"
"144",37.489,126.931,3.22,258.36,"100","56"
"118",37.498,126.931,3.23,268.41,"100","56"
"160",37.479,126.989,3.29,258.86,"101","54"
"161",37.479,127,3.41,258.07,"101","54"
"159",37.47,127,3.54,270.75,"101","54"
"179",37.47,127.012,3.62,275.66,"101","54"
"194",37.479,127.012,3.63,261.18,"101","54"
"170",37.479,127.024,3.53,266.96,"101","54"
"196",37.488,127.024,3.36,263.45,"101","54"
"195",37.488,127.012,3.36,258.89,"101","54"
"162",37.488,126.989,3.16,266.12,"101","54"
"131",37.489,126.977,3.27,266.3,"101","54"
"184",37.497,127.012,3.27,269.41,"101","54"
"185",37.497,127.024,3.26,268.52,"101","54"
"126",37.498,126.978,3.31,276.91,"101","54"
"164",37.498,126.989,3.22,276.67,"101","54"
"189",37.507,127.024,3.24,279.26,"101","54"
"188",37.507,127.012,3.3,281.22,"101","54"
"127",37.507,126.978,3.33,280.9,"101","54"
"125",37.507,126.966,3.41,276.28,"101","54"
"192",37.516,127.013,3.3,286.15,"101","54"
"191",37.516,127.001,3.37,288.86,"101","54"
"190",37.516,126.989,3.41,289.69,"101","54"
"562",37.525,126.978,3.38,292.16,"101","54"
"565",37.516,126.966,3.4,280.61,"101","54"
"566",37.516,126.978,3.4,286.87,"101","54"
"567",37.525,127.001,3.32,295.53,"101","54"
"570",37.525,126.99,3.35,295.13,"101","54"
"140",37.47,126.965,3.76,237.12,"102","48"
"128",37.479,126.966,3.52,248.52,"102","48"
"156",37.47,126.977,3.86,250.24,"102","48"
"129",37.479,126.977,3.43,255.16,"102","48"
"130",37.489,126.966,3.39,262.79,"102","48"
"131",37.489,126.977,3.27,266.3,"102","48"
"66",37.48,126.908,3.28,261.71,"103","55"
"39",37.48,126.896,3.37,275.19,"103","55"
"38",37.48,126.884,3.38,279.73,"103","55"
"40",37.49,126.873,3.4,278.83,"103","55"
"115",37.489,126.908,3.3,268.05,"103","55"
"41",37.489,126.884,3.4,281.27,"103","55"
"42",37.489,126.896,3.36,276.3,"103","55"
"111",37.498,126.908,3.33,275.95,"103","55"
"43",37.499,126.873,3.45,285.45,"103","55"
"37",37.508,126.885,3.43,285.24,"103","55"
"113",37.508,126.908,3.36,282.85,"103","55"
"46",37.508,126.873,3.46,287.77,"103","55"
"2",37.517,126.885,3.45,287.77,"103","55"
"88",37.526,126.885,3.47,290.76,"103","55"
"82",37.535,126.908,3.53,295.42,"103","55"
"116",37.536,126.885,3.48,292.36,"103","55"
"108",37.545,126.897,3.58,296.25,"103","55"
"107",37.545,126.885,3.51,293.06,"103","55"
"511",37.563,126.885,3.56,297.7,"103","55"
"520",37.517,126.873,3.47,288.03,"103","55"
"153",37.471,126.919,3.28,228.44,"103","55"
"154",37.48,126.919,3.24,248.96,"103","55"
"141",37.48,126.931,3.22,240.79,"103","55"
"137",37.471,126.931,3.36,223.97,"103","55"
"142",37.48,126.942,3.29,238.08,"103","55"
"132",37.489,126.919,3.27,261.71,"103","55"
"112",37.498,126.919,3.29,272.8,"103","55"
"76",37.517,126.92,3.37,285.95,"103","55"
"79",37.526,126.92,3.44,291.18,"103","55"
"114",37.508,126.92,3.32,281.39,"103","55"
"83",37.535,126.92,3.54,298.23,"103","55"
"144",37.489,126.931,3.22,258.36,"103","55"
"118",37.498,126.931,3.23,268.41,"103","55"
"121",37.507,126.931,3.27,278.16,"103","55"
"77",37.517,126.931,3.34,283.81,"103","55"
"80",37.526,126.931,3.45,290.72,"103","55"
"145",37.489,126.942,3.24,256.29,"103","55"
"119",37.498,126.943,3.27,265.65,"103","55"
"500",37.544,126.92,3.57,304.95,"103","55"
"109",37.554,126.885,3.56,294.6,"103","55"
"110",37.554,126.897,3.59,299.44,"103","55"
"487",37.563,126.92,3.44,309.65,"103","55"
"489",37.572,126.92,3.38,311.21,"103","55"
"495",37.572,126.909,3.4,300.85,"103","55"
"502",37.554,126.92,3.5,307.49,"103","55"
"504",37.563,126.897,3.53,301.09,"103","55"
"505",37.563,126.909,3.48,303.75,"103","55"
"506",37.572,126.897,3.44,296.91,"103","55"
"514",37.572,126.885,3.5,295.06,"103","55"
"60",37.481,126.826,3.42,292.08,"104","51"
"59",37.481,126.838,3.48,294.25,"104","51"
"53",37.49,126.85,3.41,292.11,"104","51"
"52",37.49,126.838,3.43,297.91,"104","51"
"56",37.49,126.826,3.38,297.24,"104","51"
"49",37.499,126.861,3.43,285.39,"104","51"
"48",37.499,126.85,3.41,290.65,"104","51"
"55",37.499,126.838,3.43,298.45,"104","51"
"57",37.499,126.826,3.45,299.1,"104","51"
"51",37.508,126.861,3.45,287.61,"104","51"
"519",37.517,126.862,3.47,286.48,"104","51"
"46",37.508,126.873,3.46,287.77,"104","51"
"508",37.554,126.874,3.5,288.82,"104","51"
"520",37.517,126.873,3.47,288.03,"104","51"
"524",37.526,126.873,3.47,289.63,"104","51"
"525",37.536,126.873,3.46,291.93,"104","51"
"526",37.545,126.873,3.46,291.14,"104","51"
"33",37.546,126.792,3.8,289.43,"104","51"
"35",37.555,126.781,3.82,291.45,"104","51"
"34",37.555,126.769,3.81,292.77,"104","51"
"507",37.554,126.862,3.51,284.43,"104","51"
"36",37.555,126.792,3.81,290.09,"104","51"
"509",37.563,126.862,3.58,287.46,"104","51"
"32",37.564,126.792,3.8,289.52,"104","51"
"31",37.564,126.781,3.82,290.73,"104","51"
"512",37.573,126.862,3.63,290.21,"104","51"
"23",37.573,126.804,3.71,291.35,"104","51"
"12",37.573,126.839,3.68,287.54,"104","51"
"29",37.573,126.792,3.79,289.33,"104","51"
"26",37.582,126.816,3.57,289.51,"104","51"
"25",37.582,126.804,3.68,291.15,"104","51"
"13",37.582,126.827,3.62,288.43,"104","51"
"28",37.591,126.816,3.62,278.88,"104","51"
"27",37.592,126.804,3.68,278.59,"104","51"
"30",37.601,126.804,3.76,278.39,"104","51"
"533",37.545,126.862,3.45,287.94,"104","51"
"535",37.564,126.851,3.61,284.84,"104","51"
"536",37.573,126.851,3.67,287.78,"104","51"
"60",37.481,126.826,3.42,292.08,"105","52"
"59",37.481,126.838,3.48,294.25,"105","52"
"53",37.49,126.85,3.41,292.11,"105","52"
"54",37.49,126.861,3.38,280.06,"105","52"
"52",37.49,126.838,3.43,297.91,"105","52"
"49",37.499,126.861,3.43,285.39,"105","52"
"48",37.499,126.85,3.41,290.65,"105","52"
"51",37.508,126.861,3.45,287.61,"105","52"
"46",37.508,126.873,3.46,287.77,"105","52"
"508",37.554,126.874,3.5,288.82,"105","52"
"510",37.563,126.874,3.55,292.54,"105","52"
"513",37.573,126.874,3.56,294.98,"105","52"
"520",37.517,126.873,3.47,288.03,"105","52"
"524",37.526,126.873,3.47,289.63,"105","52"
"525",37.536,126.873,3.46,291.93,"105","52"
"526",37.545,126.873,3.46,291.14,"105","52"
"507",37.554,126.862,3.51,284.43,"105","52"
"509",37.563,126.862,3.58,287.46,"105","52"
"512",37.573,126.862,3.63,290.21,"105","52"
"60",37.481,126.826,3.42,292.08,"106","52"
"60",37.481,126.826,3.42,292.08,"107","52"
"54",37.49,126.861,3.38,280.06,"108","54"
"49",37.499,126.861,3.43,285.39,"108","54"
"61",37.471,126.884,3.35,277.72,"108","54"
"62",37.471,126.896,3.37,275.06,"108","54"
"65",37.471,126.907,3.28,255.89,"108","54"
"66",37.48,126.908,3.28,261.71,"108","54"
"39",37.48,126.896,3.37,275.19,"108","54"
"38",37.48,126.884,3.38,279.73,"108","54"
"40",37.49,126.873,3.4,278.83,"108","54"
"43",37.499,126.873,3.45,285.45,"108","54"
"46",37.508,126.873,3.46,287.77,"108","54"
"2",37.517,126.885,3.45,287.77,"108","54"
"88",37.526,126.885,3.47,290.76,"108","54"
"116",37.536,126.885,3.48,292.36,"108","54"
"107",37.545,126.885,3.51,293.06,"108","54"
"511",37.563,126.885,3.56,297.7,"108","54"
"520",37.517,126.873,3.47,288.03,"108","54"
"524",37.526,126.873,3.47,289.63,"108","54"
"153",37.471,126.919,3.28,228.44,"108","54"
"154",37.48,126.919,3.24,248.96,"108","54"
"141",37.48,126.931,3.22,240.79,"108","54"
"137",37.471,126.931,3.36,223.97,"108","54"
"138",37.47,126.942,3.51,230.49,"108","54"
"142",37.48,126.942,3.29,238.08,"108","54"
"79",37.526,126.92,3.44,291.18,"108","54"
"83",37.535,126.92,3.54,298.23,"108","54"
"118",37.498,126.931,3.23,268.41,"108","54"
"121",37.507,126.931,3.27,278.16,"108","54"
"77",37.517,126.931,3.34,283.81,"108","54"
"80",37.526,126.931,3.45,290.72,"108","54"
"84",37.535,126.932,3.54,299.27,"108","54"
"145",37.489,126.942,3.24,256.29,"108","54"
"117",37.507,126.943,3.25,271.89,"108","54"
"119",37.498,126.943,3.27,265.65,"108","54"
"78",37.517,126.943,3.33,279.8,"108","54"
"81",37.526,126.943,3.46,289.59,"108","54"
"498",37.544,126.932,3.53,307.26,"108","54"
"500",37.544,126.92,3.57,304.95,"108","54"
"109",37.554,126.885,3.56,294.6,"108","54"
"446",37.582,126.886,3.4,290.94,"108","54"
"447",37.582,126.897,3.37,297.19,"108","54"
"467",37.581,126.909,3.33,302.83,"108","54"
"487",37.563,126.92,3.44,309.65,"108","54"
"488",37.563,126.932,3.38,322.88,"108","54"
"489",37.572,126.92,3.38,311.21,"108","54"
"491",37.581,126.921,3.32,314.62,"108","54"
"495",37.572,126.909,3.4,300.85,"108","54"
"499",37.554,126.932,3.42,314.7,"108","54"
"502",37.554,126.92,3.5,307.49,"108","54"
"506",37.572,126.897,3.44,296.91,"108","54"
"514",37.572,126.885,3.5,295.06,"108","54"
"140",37.47,126.965,3.76,237.12,"109","49"
"128",37.479,126.966,3.52,248.52,"109","49"
"156",37.47,126.977,3.86,250.24,"109","49"
"129",37.479,126.977,3.43,255.16,"109","49"
"130",37.489,126.966,3.39,262.79,"109","49"
"131",37.489,126.977,3.27,266.3,"109","49"
"61",37.471,126.884,3.35,277.72,"110","53"
"61",37.471,126.884,3.35,277.72,"111","53"
"61",37.471,126.884,3.35,277.72,"112","53"
"139",37.47,126.954,3.61,232.64,"113","50"
"143",37.48,126.954,3.43,241.55,"113","50"
"136",37.461,126.965,4.09,232.78,"113","50"
"140",37.47,126.965,3.76,237.12,"113","50"
"128",37.479,126.966,3.52,248.52,"113","50"
"156",37.47,126.977,3.86,250.24,"113","50"
"155",37.461,126.977,4.48,255.29,"113","50"
"129",37.479,126.977,3.43,255.16,"113","50"
"146",37.489,126.954,3.35,259,"113","50"
"158",37.47,126.989,3.64,261.8,"113","50"
"160",37.479,126.989,3.29,258.86,"113","50"
"130",37.489,126.966,3.39,262.79,"113","50"
"131",37.489,126.977,3.27,266.3,"113","50"
"201",37.46,127.093,3.53,256.03,"114","55"
"224",37.459,127.116,3.14,267.63,"114","55"
"181",37.469,127.105,3.24,262.69,"114","55"
"225",37.469,127.117,3.14,265.89,"114","55"
"203",37.469,127.082,3.31,265.36,"114","55"
"180",37.469,127.093,3.29,261.98,"114","55"
"254",37.478,127.128,2.99,264.92,"114","55"
"253",37.478,127.117,3.1,266.42,"114","55"
"183",37.478,127.105,3.22,267.17,"114","55"
"226",37.478,127.082,3.45,268.13,"114","55"
"205",37.478,127.07,3.49,262.29,"114","55"
"182",37.478,127.093,3.37,269.22,"114","55"
"248",37.487,127.117,3.07,266.18,"114","55"
"249",37.487,127.128,2.96,266.32,"114","55"
"227",37.488,127.082,3.31,256.75,"114","55"
"207",37.488,127.07,3.17,254.62,"114","55"
"252",37.496,127.129,2.92,263.6,"114","55"
"209",37.497,127.071,3.12,262,"114","55"
"229",37.497,127.082,3.13,256.19,"114","55"
"255",37.469,127.128,3.01,264.52,"114","55"
"256",37.478,127.14,2.89,259.17,"114","55"
"257",37.487,127.14,2.89,259.71,"114","55"
"265",37.487,127.152,2.84,226.12,"114","55"
"266",37.496,127.14,2.87,257.83,"114","55"
"267",37.496,127.152,2.79,236.07,"114","55"
"219",37.506,127.082,3.13,268.91,"114","55"
"211",37.506,127.071,3.12,271.65,"114","55"
"223",37.515,127.094,3.13,271.05,"114","55"
"221",37.515,127.071,3.14,275.24,"114","55"
"222",37.515,127.082,3.14,273.7,"114","55"
"235",37.524,127.083,3.16,277.29,"114","55"
"237",37.524,127.106,3.12,274.16,"114","55"
"236",37.524,127.094,3.14,275.99,"114","55"
"241",37.533,127.106,3.11,277.48,"114","55"
"240",37.534,127.094,3.12,278.34,"114","55"
"244",37.543,127.106,3.07,285.27,"114","55"
"352",37.552,127.106,2.99,299.55,"114","55"
"245",37.542,127.118,3.03,282.4,"114","55"
"302",37.552,127.118,2.96,294.71,"114","55"
"224",37.459,127.116,3.14,267.63,"115","54"
"63",37.462,126.896,3.37,277.31,"116","52"
"139",37.47,126.954,3.61,232.64,"117","51"
"135",37.461,126.954,3.78,226.68,"117","51"
"143",37.48,126.954,3.43,241.55,"117","51"
"152",37.452,126.965,4.61,254.9,"117","51"
"136",37.461,126.965,4.09,232.78,"117","51"
"140",37.47,126.965,3.76,237.12,"117","51"
"156",37.47,126.977,3.86,250.24,"117","51"
"155",37.461,126.977,4.48,255.29,"117","51"
"129",37.479,126.977,3.43,255.16,"117","51"
"146",37.489,126.954,3.35,259,"117","51"
"120",37.498,126.954,3.39,269.34,"117","51"
"158",37.47,126.989,3.64,261.8,"117","51"
"160",37.479,126.989,3.29,258.86,"117","51"
"157",37.461,126.989,4.01,268.23,"117","51"
"162",37.488,126.989,3.16,266.12,"117","51"
"130",37.489,126.966,3.39,262.79,"117","51"
"131",37.489,126.977,3.27,266.3,"117","51"
"126",37.498,126.978,3.31,276.91,"117","51"
"124",37.498,126.966,3.41,274.02,"117","51"
"68",37.443,126.907,3.34,307.76,"118","48"
"71",37.452,126.907,3.34,258.54,"118","48"
"64",37.462,126.907,3.32,245.91,"118","48"
"72",37.452,126.919,3.62,156.37,"118","48"
"69",37.443,126.919,3.57,30.29,"118","48"
"199",37.451,127.081,3.75,261.97,"119","54"
"101",37.451,127.07,3.5,252.39,"119","54"
"201",37.46,127.093,3.53,256.03,"119","54"
"102",37.46,127.07,3.25,249.8,"119","54"
"200",37.46,127.081,3.4,249.41,"119","54"
"181",37.469,127.105,3.24,262.69,"119","54"
"203",37.469,127.082,3.31,265.36,"119","54"
"180",37.469,127.093,3.29,261.98,"119","54"
"202",37.469,127.07,3.44,268.33,"119","54"
"226",37.478,127.082,3.45,268.13,"119","54"
"205",37.478,127.07,3.49,262.29,"119","54"
"207",37.488,127.07,3.17,254.62,"119","54"
"209",37.497,127.071,3.12,262,"119","54"
"211",37.506,127.071,3.12,271.65,"119","54"
"221",37.515,127.071,3.14,275.24,"119","54"
"222",37.515,127.082,3.14,273.7,"119","54"
"235",37.524,127.083,3.16,277.29,"119","54"
"236",37.524,127.094,3.14,275.99,"119","54"
"234",37.525,127.071,3.17,278.46,"119","54"
"241",37.533,127.106,3.11,277.48,"119","54"
"239",37.534,127.083,3.14,279.88,"119","54"
"240",37.534,127.094,3.12,278.34,"119","54"
"238",37.534,127.071,3.14,280.74,"119","54"
"244",37.543,127.106,3.07,285.27,"119","54"
"353",37.543,127.071,3.09,280.5,"119","54"
"349",37.543,127.083,3.09,281.44,"119","54"
"350",37.543,127.094,3.09,283.79,"119","54"
"351",37.552,127.095,3.02,294,"119","54"
"348",37.552,127.083,3.03,283.94,"119","54"
"340",37.552,127.071,3.01,281.91,"119","54"
"352",37.552,127.106,2.99,299.55,"119","54"
"333",37.534,127.048,3.18,280.88,"119","54"
"218",37.534,127.036,3.18,283.94,"119","54"
"337",37.534,127.059,3.15,281.48,"119","54"
"302",37.552,127.118,2.96,294.71,"119","54"
"334",37.543,127.036,3.13,290.36,"119","54"
"326",37.553,127.036,3.03,295.97,"119","54"
"339",37.552,127.06,3.01,284.73,"119","54"
"336",37.552,127.048,3.03,290,"119","54"
"341",37.562,127.048,2.95,293.42,"119","54"
"342",37.562,127.06,2.95,288.78,"119","54"
"70",37.452,126.895,3.37,281.7,"120","51"
"63",37.462,126.896,3.37,277.31,"120","51"
"64",37.462,126.907,3.32,245.91,"120","51"
"62",37.471,126.896,3.37,275.06,"120","51"
"65",37.471,126.907,3.28,255.89,"120","51"
"73",37.461,126.919,3.42,200.65,"120","51"
"72",37.452,126.919,3.62,156.37,"120","51"
"153",37.471,126.919,3.28,228.44,"120","51"
"133",37.461,126.93,3.77,215.66,"120","51"
"149",37.452,126.93,4.2,224.72,"120","51"
"147",37.443,126.942,4.54,307.3,"120","51"
"68",37.443,126.907,3.34,307.76,"121","50"
"147",37.443,126.942,4.54,307.3,"122","51"
"70",37.452,126.895,3.37,281.7,"123","50"
"63",37.462,126.896,3.37,277.31,"123","50"
"64",37.462,126.907,3.32,245.91,"123","50"
"73",37.461,126.919,3.42,200.65,"123","50"
"72",37.452,126.919,3.62,156.37,"123","50"
"69",37.443,126.919,3.57,30.29,"123","50"
"149",37.452,126.93,4.2,224.72,"123","50"
"69",37.443,126.919,3.57,30.29,"124","50"
"69",37.443,126.919,3.57,30.29,"125","50"
"147",37.443,126.942,4.54,307.3,"126","51"
"63",37.462,126.896,3.37,277.31,"127","52"
"61",37.471,126.884,3.35,277.72,"127","52"
"62",37.471,126.896,3.37,275.06,"127","52"
"65",37.471,126.907,3.28,255.89,"127","52"
"73",37.461,126.919,3.42,200.65,"127","52"
"153",37.471,126.919,3.28,228.44,"127","52"
"133",37.461,126.93,3.77,215.66,"127","52"
"149",37.452,126.93,4.2,224.72,"127","52"
"147",37.443,126.942,4.54,307.3,"127","52"
"150",37.452,126.942,4.31,242.76,"127","52"
"134",37.461,126.942,3.88,231.24,"127","52"
"138",37.47,126.942,3.51,230.49,"127","52"
"142",37.48,126.942,3.29,238.08,"127","52"
"151",37.452,126.953,4.17,236.22,"127","52"
"148",37.443,126.953,4.67,303.82,"127","52"
"139",37.47,126.954,3.61,232.64,"127","52"
"135",37.461,126.954,3.78,226.68,"127","52"
"143",37.48,126.954,3.43,241.55,"127","52"
"152",37.452,126.965,4.61,254.9,"127","52"
"146",37.489,126.954,3.35,259,"127","52"
"120",37.498,126.954,3.39,269.34,"127","52"
"158",37.47,126.989,3.64,261.8,"127","52"
"160",37.479,126.989,3.29,258.86,"127","52"
"157",37.461,126.989,4.01,268.23,"127","52"
"159",37.47,127,3.54,270.75,"127","52"
"162",37.488,126.989,3.16,266.12,"127","52"
"131",37.489,126.977,3.27,266.3,"127","52"
"126",37.498,126.978,3.31,276.91,"127","52"
"124",37.498,126.966,3.41,274.02,"127","52"
"67",37.434,126.907,3.31,307.57,"128","49"
"68",37.443,126.907,3.34,307.76,"128","49"
"70",37.452,126.895,3.37,281.7,"128","49"
"71",37.452,126.907,3.34,258.54,"128","49"
"63",37.462,126.896,3.37,277.31,"128","49"
"64",37.462,126.907,3.32,245.91,"128","49"
"73",37.461,126.919,3.42,200.65,"128","49"
"72",37.452,126.919,3.62,156.37,"128","49"
"69",37.443,126.919,3.57,30.29,"128","49"
"67",37.434,126.907,3.31,307.57,"129","50"
"68",37.443,126.907,3.34,307.76,"129","50"
"54",37.49,126.861,3.38,280.06,"130","53"
"49",37.499,126.861,3.43,285.39,"130","53"
"51",37.508,126.861,3.45,287.61,"130","53"
"61",37.471,126.884,3.35,277.72,"130","53"
"62",37.471,126.896,3.37,275.06,"130","53"
"65",37.471,126.907,3.28,255.89,"130","53"
"66",37.48,126.908,3.28,261.71,"130","53"
"39",37.48,126.896,3.37,275.19,"130","53"
"43",37.499,126.873,3.45,285.45,"130","53"
"46",37.508,126.873,3.46,287.77,"130","53"
"88",37.526,126.885,3.47,290.76,"130","53"
"116",37.536,126.885,3.48,292.36,"130","53"
"107",37.545,126.885,3.51,293.06,"130","53"
"508",37.554,126.874,3.5,288.82,"130","53"
"510",37.563,126.874,3.55,292.54,"130","53"
"511",37.563,126.885,3.56,297.7,"130","53"
"513",37.573,126.874,3.56,294.98,"130","53"
"520",37.517,126.873,3.47,288.03,"130","53"
"524",37.526,126.873,3.47,289.63,"130","53"
"525",37.536,126.873,3.46,291.93,"130","53"
"526",37.545,126.873,3.46,291.14,"130","53"
"73",37.461,126.919,3.42,200.65,"130","53"
"153",37.471,126.919,3.28,228.44,"130","53"
"133",37.461,126.93,3.77,215.66,"130","53"
"137",37.471,126.931,3.36,223.97,"130","53"
"134",37.461,126.942,3.88,231.24,"130","53"
"138",37.47,126.942,3.51,230.49,"130","53"
"142",37.48,126.942,3.29,238.08,"130","53"
"143",37.48,126.954,3.43,241.55,"130","53"
"80",37.526,126.931,3.45,290.72,"130","53"
"84",37.535,126.932,3.54,299.27,"130","53"
"145",37.489,126.942,3.24,256.29,"130","53"
"117",37.507,126.943,3.25,271.89,"130","53"
"119",37.498,126.943,3.27,265.65,"130","53"
"78",37.517,126.943,3.33,279.8,"130","53"
"81",37.526,126.943,3.46,289.59,"130","53"
"85",37.535,126.943,3.49,299.21,"130","53"
"146",37.489,126.954,3.35,259,"130","53"
"123",37.516,126.954,3.35,277.15,"130","53"
"122",37.507,126.954,3.38,272.53,"130","53"
"120",37.498,126.954,3.39,269.34,"130","53"
"498",37.544,126.932,3.53,307.26,"130","53"
"563",37.526,126.955,3.46,288.53,"130","53"
"158",37.47,126.989,3.64,261.8,"130","53"
"160",37.479,126.989,3.29,258.86,"130","53"
"161",37.479,127,3.41,258.07,"130","53"
"159",37.47,127,3.54,270.75,"130","53"
"178",37.461,127.012,3.27,271.96,"130","53"
"179",37.47,127.012,3.62,275.66,"130","53"
"194",37.479,127.012,3.63,261.18,"130","53"
"166",37.46,127.023,3.22,257.11,"130","53"
"168",37.47,127.023,3.42,270.75,"130","53"
"170",37.479,127.024,3.53,266.96,"130","53"
"167",37.46,127.035,3.26,244.08,"130","53"
"169",37.47,127.035,3.08,261.9,"130","53"
"171",37.479,127.035,3.17,267.48,"130","53"
"96",37.442,127.046,4.36,241.17,"130","53"
"99",37.451,127.046,3.85,240.23,"130","53"
"92",37.469,127.047,3.02,259.56,"130","53"
"90",37.46,127.047,3.26,246.51,"130","53"
"172",37.479,127.047,3.06,262.25,"130","53"
"94",37.432,127.058,4.67,262.91,"130","53"
"100",37.451,127.058,3.56,247.31,"130","53"
"97",37.442,127.058,4.17,255.33,"130","53"
"91",37.46,127.058,3.19,250.89,"130","53"
"93",37.469,127.058,3.27,264.95,"130","53"
"204",37.479,127.059,3.24,256.73,"130","53"
"196",37.488,127.024,3.36,263.45,"130","53"
"206",37.488,127.059,3.04,258.02,"130","53"
"198",37.488,127.047,3.11,266.64,"130","53"
"162",37.488,126.989,3.16,266.12,"130","53"
"197",37.488,127.035,3.22,268.09,"130","53"
"131",37.489,126.977,3.27,266.3,"130","53"
"208",37.497,127.059,3.12,268.14,"130","53"
"185",37.497,127.024,3.26,268.52,"130","53"
"126",37.498,126.978,3.31,276.91,"130","53"
"124",37.498,126.966,3.41,274.02,"130","53"
"95",37.432,127.069,4.03,270.84,"130","53"
"98",37.442,127.07,3.8,267.63,"130","53"
"199",37.451,127.081,3.75,261.97,"130","53"
"101",37.451,127.07,3.5,252.39,"130","53"
"102",37.46,127.07,3.25,249.8,"130","53"
"202",37.469,127.07,3.44,268.33,"130","53"
"205",37.478,127.07,3.49,262.29,"130","53"
"207",37.488,127.07,3.17,254.62,"130","53"
"209",37.497,127.071,3.12,262,"130","53"
"211",37.506,127.071,3.12,271.65,"130","53"
"221",37.515,127.071,3.14,275.24,"130","53"
"234",37.525,127.071,3.17,278.46,"130","53"
"238",37.534,127.071,3.14,280.74,"130","53"
"351",37.552,127.095,3.02,294,"130","53"
"348",37.552,127.083,3.03,283.94,"130","53"
"340",37.552,127.071,3.01,281.91,"130","53"
"352",37.552,127.106,2.99,299.55,"130","53"
"343",37.561,127.072,2.96,284.33,"130","53"
"347",37.561,127.095,3.07,311.57,"130","53"
"346",37.561,127.083,2.97,289.4,"130","53"
"173",37.506,127.059,3.12,274.13,"130","53"
"189",37.507,127.024,3.24,279.26,"130","53"
"188",37.507,127.012,3.3,281.22,"130","53"
"127",37.507,126.978,3.33,280.9,"130","53"
"125",37.507,126.966,3.41,276.28,"130","53"
"192",37.516,127.013,3.3,286.15,"130","53"
"193",37.516,127.024,3.22,283.26,"130","53"
"191",37.516,127.001,3.37,288.86,"130","53"
"177",37.525,127.059,3.15,278.3,"130","53"
"212",37.525,127.013,3.28,291.9,"130","53"
"176",37.525,127.048,3.12,277.85,"130","53"
"333",37.534,127.048,3.18,280.88,"130","53"
"218",37.534,127.036,3.18,283.94,"130","53"
"337",37.534,127.059,3.15,281.48,"130","53"
"562",37.525,126.978,3.38,292.16,"130","53"
"564",37.526,126.966,3.43,288.95,"130","53"
"565",37.516,126.966,3.4,280.61,"130","53"
"566",37.516,126.978,3.4,286.87,"130","53"
"567",37.525,127.001,3.32,295.53,"130","53"
"570",37.525,126.99,3.35,295.13,"130","53"
"479",37.544,126.943,3.42,307.83,"130","53"
"481",37.581,126.944,3.57,334.09,"130","53"
"483",37.59,126.944,3.48,325.39,"130","53"
"453",37.609,126.944,3.39,349.12,"130","53"
"450",37.6,126.944,3.34,334.06,"130","53"
"482",37.581,126.955,3.69,318.86,"130","53"
"484",37.59,126.956,3.66,315,"130","53"
"486",37.553,126.943,3.33,317.39,"130","53"
"493",37.599,126.956,3.46,326.25,"130","53"
"494",37.609,126.956,3.47,339.64,"130","53"
"109",37.554,126.885,3.56,294.6,"130","53"
"446",37.582,126.886,3.4,290.94,"130","53"
"447",37.582,126.897,3.37,297.19,"130","53"
"464",37.59,126.932,3.34,330.95,"130","53"
"463",37.591,126.921,3.27,318.44,"130","53"
"449",37.6,126.933,3.28,335.79,"130","53"
"465",37.6,126.909,3.23,303.26,"130","53"
"466",37.591,126.909,3.24,308.66,"130","53"
"467",37.581,126.909,3.33,302.83,"130","53"
"487",37.563,126.92,3.44,309.65,"130","53"
"488",37.563,126.932,3.38,322.88,"130","53"
"489",37.572,126.92,3.38,311.21,"130","53"
"490",37.572,126.932,3.32,333.56,"130","53"
"491",37.581,126.921,3.32,314.62,"130","53"
"492",37.581,126.932,3.34,336.59,"130","53"
"499",37.554,126.932,3.42,314.7,"130","53"
"514",37.572,126.885,3.5,295.06,"130","53"
"334",37.543,127.036,3.13,290.36,"130","53"
"326",37.553,127.036,3.03,295.97,"130","53"
"571",37.562,127.037,2.95,297.09,"130","53"
"339",37.552,127.06,3.01,284.73,"130","53"
"336",37.552,127.048,3.03,290,"130","53"
"341",37.562,127.048,2.95,293.42,"130","53"
"342",37.562,127.06,2.95,288.78,"130","53"
