fid,매우양호,양호,약간양호,약간불량,불량,매우불량,기타,총면적
1,7365.55,143826.472,0,920992.235,0,0,0,1072184.257
2,0,138713.357,596868.909,219892.248,0,0,0,955474.514
3,453417.38,374701.20999999996,111631.503,28099.528,0,46702.56,0,1014552.1810000001
4,459803.127,259866.112,114858.774,42443.028,0,180320.256,0,1057291.297
5,64302.56,548814.418,71604.65,379548.659,0,52557.533,0,1116827.82
6,0,47567.128,0,1024608.924,0,0,0,1072176.052
7,191171.835,80623.774,165050.808,634695.204,0,0,0,1071541.621
8,557372.829,287615.118,32603.266,133610.24,0,45964.014,0,1057165.467
9,0,79100.443,9120.939999999999,983066.033,0,0,0,1071287.416
10,0,16826.927,15940.617,1083749.195,0,0,0,1116516.739
11,0,310095.289,97031.587,607653.087,0,0,0,1014779.963
12,56513.737,392556.112,62516.621,612570.832,0,0,0,1124157.3020000001
13,0,397178.786,204037.207,154109.909,0,0,0,755325.902
14,0,272872.646,166548.05000000002,679411.903,0,0,0,1118832.599
15,0,348678.742,111462.155,611280.79,0,0,0,1071421.687
16,0,615831.238,238317.367,173882.929,0,0,0,1028031.534
17,0,839379.43,88470.55,128221.248,0,0,0,1056071.2280000001
18,0,368677.509,124157.154,579601.578,0,0,0,1072436.241
19,0,579708.591,161937.548,160321.972,0,0,0,901968.111
20,0,755327.012,72652.027,242516.134,0,0,0,1070495.173
21,0,413304.793,93722.854,517577.651,0,0,32923.113,1057528.4109999998
22,0,828583.945,26095.841,163240.999,0,0,0,1017920.7849999999
23,0,264986.49799999996,93284.728,643927.128,0,0,56702.453,1058900.807
24,0,568715.481,170559.962,275504.527,0,0,0,1014779.97
25,167428.409,484406.526,86130.12299999999,468980.869,0,0,59613.831,1266559.7580000001
26,0,714406.891,196298.12900000002,103954.339,0,0,0,1014659.359
27,65551.048,430127.026,219088.635,283187.727,0,0,11313.945,1009268.3809999999
28,0,750934.009,7861.963,0,0,0,0,758795.972
29,0,0,0,1317409.381,0,0,0,1317409.381
30,0,456037.051,93831.21,103023.089,0,0,690.797,653582.147
31,0,12362.708999999999,3267.8559999999998,970180.027,0,0,21505.987,1007316.5789999999
32,0,401019.408,105313.56400000001,449130.83300000004,0,0,59436.712,1014900.517
33,0,254620.931,255340.274,545150.698,0,0,27361.725,1082473.628
34,0,0,0,524996.415,0,0,0,524996.415
35,0,116741.00200000001,120960.853,1051520.927,0,0,65670.977,1354893.7589999998
36,0,757817.07,126128.9,131075.082,0,0,0,1015021.0519999999
37,0,45780.276000000005,968516.031,0,0,0,0,1014296.3069999999
38,0,303651.586,416122.431,491260.38399999996,0,0,43075.334,1254109.735
39,0,558291.608,133234.99,352847.394,0,14325.616,0,1058699.608
40,0,311598.943,328762.508,8503.006,4071.239,2186.153,29744.862,684866.711
41,0,488122.795,314721.338,271615.711,0,0,0,1074459.844
42,0,231847.827,85771.297,606893.054,0,128243.203,0,1052755.381
43,0,260675.026,525446.331,140702.59100000001,0,7801.245,0,934625.1930000001
44,0,380638.887,546119.2150000001,145943.01,0,0,0,1072701.1120000002
45,0,139103.744,630424.7660000001,292666.708,0,0,0,1062195.2179999999
46,0,435696.572,461487.427,123525.043,0,0,0,1020709.0420000001
47,0,74739.556,488374.798,368959.516,0,0,0,932073.8700000001
48,0,523879.045,107417.403,159067.409,0,225406.58,0,1015770.4369999999
49,0,424633.352,77925.349,159512.251,0,353699.495,0,1015770.447
50,0,726137.932,74909.223,65902.306,0,148700.588,0,1015650.049
51,0,661795.822,216104.806,139248.489,0,0,0,1017149.1170000001
52,0,536609.781,234439.058,285602.962,0,3408.12,0,1060059.921
53,0,1185576.993,19272.695,73034.78899999999,0,63149.956,0,1341034.433
54,0,46209.284,13207.732,430847.806,0,113826.935,0,604091.757
55,0,856225.204,74458.547,129250.61,0,0,0,1059934.361
56,0,812157.469,126619.482,130252.19600000001,0,0,0,1069029.147
57,0,1073027.381,27352.02,173226.821,0,0,0,1273606.222
58,0,703131.295,12592.711,35272.818,0,80.374,0,751077.198
59,0,1142011.534,74265.514,71797.877,32252.473,65772.994,0,1386100.392
60,0,631884.564,203649.956,180750.251,0,266675.145,0,1282959.916
61,0,419225.887,203972.78600000002,275302.442,0,0,126886.639,1025387.754
62,0,365111.187,71403.794,401364.772,0,178265.022,0,1016144.775
63,0,619364.51,148651.994,472544.214,0,1205.221,49465.004,1291230.9429999997
64,0,782325.636,109891.2,181430.727,0,0,0,1073647.563
65,0,771968.043,8503.51,233175.34100000001,0,3997.532,0,1017644.426
66,0,586692.658,23318.249,407322.564,0,0,0,1017333.471
67,0,211921.845,29609.07,125161.067,0,0,46484.881,413176.863
68,0,803961.624,20662.14,290745.88300000003,0,0,99081.711,1214451.3579999998
69,77666.964,622005.763,0,0,0,0,0,699672.7270000001
70,0,825278.364,48325.964,52293.065,0,0,85185.287,1011082.6799999999
71,0,442909.767,32872.381,641454.815,0,0,0,1117236.963
72,85499.124,754676.762,0,176222.75,0,0,0,1016398.6359999999
73,313168.424,703974.709,0,56512.895,0,0,0,1073656.028
74,0,70087.01,92327.328,897268.699,0,0,0,1059683.037
75,0,577636.31,0,422402.862,0,0,0,1000039.172
76,118473.144,372376.399,39233.058,278245.38,0,0,0,808327.9809999999
77,524409.189,82277.55299999999,17838.87,68970.661,0,0,0,693496.2729999999
78,271120.471,43435.559,722.593,100607.742,0,0,0,415886.365
79,771885.367,53231.992,0,0,0,0,0,825117.3589999999
80,873383.815,0,0,0,0,0,0,873383.815
81,115214.43,0,0,0,0,0,0,115214.43
82,1512.778,520043.527,0,0,0,0,0,521556.305
83,278322.328,0,0,0,0,0,0,278322.328
84,3736.734,0,0,0,0,0,0,3736.734
85,0,60294.113,0,181974.629,0,0,0,242268.74199999997
86,0,138588.027,53344.298,822671.089,0,0,0,1014603.4140000001
87,0,34416.457,1328.524,978053.573,0,0,0,1013798.554
88,0,0,724063.243,275742.48,0,0,0,999805.723
89,0,809760.848,193720.403,37606.674,0,0,0,1041087.9249999999
90,30571.399,441421.889,134259.489,318729.521,47410.151,0,0,972392.4489999999
91,24371.02,731975.504,38820.487,201510.631,0,0,0,996677.642
92,54456.04,234347.672,219111.404,428350.98600000003,65158.074,48985.049,0,1050409.225
93,694880.187,347499.464,18347.12,13244.812,0,0,0,1073971.583
94,603822.044,63289.794,0,3.07,0,0,0,667114.9079999999
95,154812.693,168852.31100000002,0,80958.831,0,0,0,404623.835
96,1397422.608,196755.373,0,22931.322,0,0,11545.634,1628654.937
97,513185.951,452243.75100000005,0,152882.096,0,0,0,1118311.798
98,509265.509,431763.70900000003,0,59880.063,0,0,0,1000909.2810000001
99,488074.338,584967.4759999999,2443.02,160448.844,0,0,0,1235933.6779999998
100,83754.534,470423.849,130597.527,340978.82,0,0,0,1025754.73
101,65868.79,839196.18,5.691,111341.245,0,0,0,1016411.9060000001
102,0,791511.525,7311.929,217468.296,0,0,0,1016291.75
103,0,635097.832,35550.914000000004,346647.736,0,0,0,1017296.4820000001
104,0,855929.354,19904.713,139963.126,0,0,0,1015797.193
105,0,811154.909,19715.008,242150.565,0,0,0,1073020.482
106,0,676249.789,39875.488,357323.728,0,0,0,1073449.005
107,275368.416,369051.776,220524.914,42542.354,0,0,0,907487.4600000001
108,0,410848.697,11066.863,0,0,0,0,421915.56
109,78954.171,84672.082,7206.065,2351.023,0,0,0,173183.341
110,63558.687,320193.655,0,0,0,0,0,383752.342
111,0,346516.76300000004,425442.78400000004,282051.946,0,0,0,1054011.493
112,0,343285.91500000004,76445.809,653830.28,0,0,0,1073562.0040000002
113,0,486167.507,335420.815,290766.154,0,0,0,1112354.4759999998
114,0,591707.617,72925.15,408794.488,0,0,0,1073427.255
115,0,241802.17700000003,0,697420.16,0,0,0,939222.337
116,0,49433.975,294478.262,723065.467,0,0,0,1066977.704
117,0,575208.214,1427.022,494446.873,0,0,0,1071082.1090000002
118,0,624551.838,0,433885.848,0,0,0,1058437.686
119,9197.405,631102.911,118622.342,258360.622,0,0,0,1017283.28
120,0,650467.547,37250.031,328066.203,0,0,0,1015783.781
121,0,683080.304,48405.582,342719.368,0,0,0,1074205.2540000002
122,292986.072,533112.248,0,189565.13,0,0,0,1015663.4500000001
123,65171.504,186439.415,0,61313.941,0,0,0,312924.86
124,517923.698,502540.628,0,37984.46,0,0,0,1058448.786
125,183278.72400000002,432530.1,43277.35,263800.43799999997,0,0,0,922886.612
126,324647.853,285182.322,0,394057.337,0,0,0,1003887.5120000001
127,180095.518,16243.458999999999,0,88703.41,0,0,0,285042.387
128,0,790065.6560000001,1924.064,71750.371,0,209764.655,0,1073504.746
129,0,549763.91,28990.785000000003,492547.702,0,258.082,0,1071560.479
130,167934.132,684119.547,35705.056,183667.696,0,0,0,1071426.4309999999
131,112302.919,677744.8470000001,0,283321.529,0,0,0,1073369.295
132,0,361743.072,12086.988,554876.83,0,0,0,928706.8899999999
133,290422.21300000005,652996.079,0,130666.326,0,0,0,1074084.6180000002
134,751667.866,295381.86899999995,0,11903.059,0,0,0,1058952.794
135,858718.7,141777.025,0,194.153,0,0,0,1000689.878
136,882686.324,133591.5,0,0.239,0,0,0,1016278.063
137,161189.668,641073.577,33022.171,234645.7,0,0,0,1069931.1160000002
138,371331.096,247985.05,43836.945,367649.666,0,0,0,1030802.757
139,704938.2,234691.269,0,118238.882,0,0,0,1057868.351
140,31216.514,792286.514,0,195678.312,0,0,0,1019181.34
141,157065.975,508203.836,0,298785.605,0,0,0,964055.416
142,508753.546,227569.323,4098.586,110005.581,0,168030.027,0,1018457.063
143,88850.611,351657.266,42167.876,228446.589,0,371470.908,0,1082593.25
144,2190.702,264819.475,73.557,681425.6900000001,0,0,0,948509.424
145,79312.99,675339.914,29103.487,207229,0,0,0,990985.391
146,0,893996.934,31099.01,132545.53,0,932.931,0,1058574.405
147,1168459.031,10270.455,0,0,0,0,0,1178729.486
148,1107976.327,68910.151,0,0,0,0,0,1176886.4780000001
149,810999.321,281088.539,0,0,0,0,0,1092087.8599999999
150,981155.939,35242.463,0,0,0,0,0,1016398.402
151,874048.558,143849.98,0,0,0,0,0,1017898.538
152,1264742.102,4286.949,0,0,0,0,0,1269029.051
153,0,805311.385,12497.966,297655.817,0,0,0,1115465.168
154,0,499224.706,0,394743.071,122056.602,0,0,1016024.379
155,1179701.716,28491.126,0,0,0,0,0,1208192.842
156,357474.853,675112.007,0,19964.357,0,6287.702,0,1058838.919
157,551820.597,126874.47200000001,78147.366,56949.019,0,0,0,813791.4539999999
158,333870.655,448598.01800000004,35418.375,198270.826,0,0,0,1016157.8740000001
159,329258.714,513707.00399999996,7432.803,81556.23,0,0,0,931954.7509999998
160,183286.384,332458.931,28588.03,458002.167,0,0,0,1002335.512
161,272365.22,586437.827,22257.711,136476.555,0,0,0,1017537.3130000001
162,0,531912.017,0,557231.971,0,0,0,1089143.988
163,0,819035.2359999999,8605.279,245209.057,0,0,0,1072849.572
164,107996.198,580694.705,0,312924.29699999996,0,0,0,1001615.2
165,229569.838,707146.6680000001,0,18450.663,0,52081.485,0,1007248.654
166,134380.099,216113.099,248447.976,205655.75199999998,0,37920.832,0,842517.758
167,164741.199,375207.865,117014.583,49335.316999999995,0,0,0,706298.964
168,666294.765,256719.667,32228.466,106557.60299999999,0,11309.707,0,1073110.2079999999
169,107680.109,388136.69299999997,83284.279,232444.573,115961.196,57034.311,0,984541.161
170,685997.543,230833.161,11120.248,76336.202,0,13250.412,0,1017537.566
171,468496.60599999997,244448.248,73679.66100000001,94247.136,37593.53,96116.60200000001,0,1014581.7829999998
172,100285.16699999999,157629.557,204278.676,507737.763,1204.068,62687.553,0,1033822.7839999999
173,0,644658.957,0,415166.577,0,0,0,1059825.534
174,0,808212.552,0,246219.349,0,18882.157,0,1073314.058
175,0,828516.197,0,245575.853,0,0,0,1074092.05
176,0,700466.683,15690.197,100294.609,0,190693.75199999998,0,1007145.241
177,2036.052,387919.923,0,170142.464,0,50242.509,0,610340.948
178,744728.307,169243.578,71335.49,19912.673,0,0,0,1005220.048
179,883276.538,132881.34100000001,0,0,0,0,0,1016157.879
180,265104.797,481023.95,36650.454,222864.589,0,322.947,0,1005966.7370000001
181,144634.856,610523.167,235225.507,161807.308,48775.532999999996,97801.176,0,1298767.547
182,689497.7810000001,203710.603,11224.635,82521.52500000001,0,32119.717,0,1019074.261
183,414210.282,235024.185,54955.094999999994,273036.981,34543.973,46957.087,0,1058727.603
184,42303.591,808335.6969999999,13048.896,140137.662,0,69405.439,0,1073231.285
185,0,357057.43,61013.599,501819.366,0,196534.837,0,1116425.232
186,0,298209.257,0,0,0,0,0,298209.257
187,0,772172.637,0,0,0,0,0,772172.637
188,270.526,886011.488,0,22558.18,0,163548.951,0,1072389.145
189,0,550303.492,58151.174,342512.646,0,167158.161,0,1118125.473
190,42146.146,378894.808,4603.022,62211.856,0,0,0,487855.83200000005
191,0,29867.974,24859.716,0,0,0,0,54727.69
192,0,658379.295,0,0,0,0,0,658379.295
193,0,826909.813,32967.659,155665.524,0,0,0,1015542.9959999999
194,118502.487,769908.394,66476.61600000001,102326.302,0,0,0,1057213.7989999999
195,0,450205.289,91006.942,474705.212,0,0,0,1015917.443
196,0,713380.386,52126.106,250410.382,0,0,0,1015916.8740000001
197,0,600846.1429999999,66969.567,349600.97699999996,0,0,0,1017416.6869999999
198,102731.88399999999,613281.366,102701.05500000001,234450.666,0,0,0,1053164.9710000001
199,252836.112,982371.479,139206.702,174666.16,0,0,0,1549080.453
200,0,753113.984,31726.9,218347.694,0,0,0,1003188.5780000001
201,148964.386,856926.603,124268.204,145118.116,0,0,0,1275277.309
202,680572.132,322082.295,0,56187.121,0,0,0,1058841.548
203,426228.193,417423.055,29580.047000000002,144440.343,0,0,0,1017671.638
204,12805.924,619679.96,148128.423,90701.338,0,202521.283,0,1073836.928
205,177246.133,689300.88,26679.174,144773.64,0,36615.441,0,1074615.2680000002
206,57813.97,631822.54,63045.099,94178.734,14816.165,88860.96399999999,0,950537.4720000002
207,24114.075,538768.474,98191.331,257150.71899999998,0,114754.397,0,1032978.9959999999
208,0,664501.747,31819.307999999997,362141.718,0,0,0,1058462.773
209,27142.715,373476.811,33115.308,537699.16,0,0,0,971433.9940000001
210,76292.208,138486.371,0,832346.847,0,0,0,1047125.426
211,160126.418,460997.14099999995,0,180918.632,0,0,0,802042.1909999999
212,0,88406.388,21082.037,34711.281,0,0,0,144199.706
213,0,524771.784,7758.7390000000005,103807.282,0,76243.334,0,712581.139
214,0,487211.396,92241.524,311096.93799999997,0,167522.779,0,1058072.637
215,0,802234.388,8972.879,305096.408,0,0,0,1116303.675
216,0,730624.599,41517.299,167611.887,0,0,0,939753.785
217,0,50674.6,16785.279000000002,40107.675,0,0,0,107567.554
218,0,147279.849,12432.076,31075.194,0,95060.687,0,285847.806
219,621220.918,373951.639,0,0,0,0,0,995172.557
220,726744.67,288469.94899999996,462.113,0,0,0,0,1015676.732
221,332823.494,164027.365,0,242306.376,0,0,0,739157.235
222,478274.205,248200.838,0,0,0,0,0,726475.0430000001
223,171667.76,623074.971,0,0,0,0,0,794742.731
224,0,194661.92200000002,13659.697,21314.633,69548.806,857.256,0,300042.314
225,181716.72699999998,589555.113,103959.71500000001,141988.674,0,5418.079,0,1022638.308
226,511451.524,498781.695,0,62261.504,0,0,0,1072494.723
227,0,793111.902,101371.391,148435.58000000002,0,75393.549,0,1118312.4220000003
228,98299.371,710638.644,43720.753000000004,154025.603,0,65703.879,0,1072388.25
229,2481.114,749491.6410000001,70298.661,3372.219,0,11639.788,0,837283.423
230,52381.816,779804.167,4855.167,1465.714,0,0,0,838506.8640000001
231,507416.986,156101.22400000002,98366.595,294167.27599999995,0,0,0,1056052.0809999998
232,58361.135,518106.763,4560.369,321304.155,0,59618.892,0,961951.3139999999
233,728827.614,288227.976,0,0,0,0,0,1017055.59
234,95616.442,193153.736,0,13.11,0,0,0,288783.288
235,0,233641.666,27816.083,0,0,0,0,261457.749
236,56.157,61363.17,0,0,0,0,0,61419.327
237,260272.885,239067.272,0,0,0,0,0,499340.157
238,3813.764,723712.338,0,328042.391,0,2378.636,0,1057947.129
239,0,377647.356,56926.123999999996,214278.834,0,421939.342,0,1070791.656
240,0,510203.779,47396.856,7632.35,0,76384.608,0,641617.593
241,958.576,31807.633,0,0,0,0,0,32766.209000000003
242,25794.747,865031.4319999999,0,92047.417,0,0,0,982873.5959999999
243,370218.617,640830.9010000001,0,0,0,0,0,1011049.5180000002
244,166144.281,452938.645,0,7548.664,0,29459.684,0,656091.274
245,665085.184,129980.806,0,0,0,0,0,795065.99
246,256955.493,483280.512,231226.91100000002,101139.343,0,0,0,1072602.259
247,0,703794.008,184857.448,215865.09,0,13623.757,0,1118140.303
248,92344.678,565948.012,90090.099,158495.883,0,0,25142.885,932021.557
249,0,493314.151,268226.019,237162.476,0,18727.69,0,1017430.3359999999
250,15726.994999999999,719935.936,111666.493,72970.732,0,0,0,920300.156
251,0,286454.816,309148.356,332286.64300000004,0,188550.698,0,1116440.513
252,0,669875.739,138617.926,45479.921,0,163336.527,0,1017310.1129999999
253,183294.902,328580.538,0,388746.24500000005,8604.412,0,7872,917098.0970000001
254,3333.03,129350.94900000001,145615.696,529832.998,161616.527,0,32240.313,1001989.513
255,40669.563,91541.19,2589.689,300688.186,52972.498,0,0,488461.12600000005
256,0,327799.703,202222.621,257637.217,154811.383,0,26020.181,968491.105
257,0,789837.673,58054.093,210710.325,0,0,0,1058602.091
258,0,714226.484,123172.064,29565.727,0,206070.25699999998,0,1073034.5320000001
259,0,378195.341,215577.33599999998,156632.336,0,15204.295,0,765609.3080000001
260,20700.413,732816.518,33969.617,229568.788,0,0,0,1017055.3360000001
261,3.653,547651.568,219864.85199999998,166882.69100000002,76006.772,77879.592,0,1088289.128
262,0,322604.654,131808.72,260899.801,28942.792,0,0,744255.967
263,33444.835,392455.96499999997,118721.77100000001,425179.722,0,0,0,969802.2930000001
264,0,576739.669,195027.052,323485.692,0,0,0,1095252.413
265,0,502409.202,65336.645,111230.927,0,0,0,678976.774
266,0,556402.739,127928.088,296060.55,0,2956.36,0,983347.7369999998
267,39103.665,745593.956,133521.698,554728.695,0,0,0,1472948.014
268,0,510589.312,136018.944,411215.995,0,0,0,1057824.251
269,0,683126.025,152026.336,234142.098,0,5827.476,0,1075121.935
270,0,683333.043,209323.03399999999,115787.871,0,65138.525,0,1073582.473
271,0,504371.311,238106.228,200807.72499999998,0,128178.844,0,1071464.108
272,0,851584.003,108426.213,41856.763,0,114484.853,2383.327,1118735.159
273,0,891926.696,24996.733,99488.33,0,47562.482,7382.85,1071357.091
274,0,308290.363,6990.135,44242.465,0,0,1500.519,361023.48199999996
275,6405.062,761731.493,164452.578,129556.724,0,0,28416.525,1090562.382
276,1684.537,964289.718,35888.405,139038.502,0,56572.648,0,1197473.81
277,13335.639,414675.192,19397.588,122444.681,0,0,17718.188,587571.288
278,405209.656,132959.50100000002,0,496997.022,0,0,0,1035166.179
279,0,17749.759,15091.442,881864.225,0,99967.286,0,1014672.7119999999
280,1018488.054,40049.221000000005,0,0,0,0,0,1058537.275
281,748355.5020000001,266076.053,0,0,0,0,0,1014431.5550000002
282,815889.517,200039.21,0,0,0,0,0,1015928.727
283,899769.216,120864.114,0,27181.027,0,0,0,1047814.3570000001
284,672536.162,418847.161,0,26651.538,0,0,0,1118034.861
285,1111532.815,3259.408,0,0,0,0,0,1114792.223
286,591095.086,424713.212,0,0,0,0,0,1015808.298
287,522340.222,417864.473,0,72316.218,0,0,0,1012520.9130000001
288,909922.287,160601.005,0,0,0,0,0,1070523.292
289,1027684.233,90301.705,0,0,0,0,0,1117985.938
290,789188.468,282261.426,0,0,0,0,0,1071449.8939999999
291,935985.903,133626.00400000002,0,0,0,0,0,1069611.9070000001
292,1232002.052,0,0,0,0,0,0,1232002.052
293,994820.378,63325.055,0,0,0,0,0,1058145.433
294,1042988.492,26489.017,0,0,0,0,0,1069477.509
295,954521.804,53548.776,0,63346.226,0,0,0,1071416.8059999999
296,1121527.288,0,0,0,0,0,0,1121527.288
297,849407.003,207115.745,0,0,0,0,0,1056522.7480000001
298,386067.886,233897.716,39952.337,350561.945,0,6472.845,0,1016952.729
299,668333.968,93278.03199999999,26182.893,220222.801,0,0,0,1008017.694
300,0,279334.533,241471.213,494509.831,0,0,0,1015315.577
301,18628.826,374148.308,168239.429,209797.70799999998,0,0,0,770814.2710000001
302,220836.863,195599.56,0,0,0,0,0,416436.423
303,97456.563,851962.139,6823.381,75664.62700000001,0,0,0,1031906.71
304,205515.711,240173.549,0,11693.405999999999,2431.207,0,0,459813.873
305,61800.439,695706.63,144189.398,68534.648,23153.311,242018.436,0,1235402.862
306,10730.998,576965.2459999999,188274.188,227873.689,0,11471.455,0,1015315.5759999999
307,15225.466,1052830.767,0,4883.642,0,0,0,1072939.875
308,0,151099.97999999998,5564.206,266278.99600000004,0,29494.318,32975.328,485412.828
309,4006.28,236207.894,261459.25999999998,192615.13700000002,0,0,8471.719,702760.29
310,65.407,470263.558,0,646980.091,0,0,0,1117309.056
311,92861.875,28164.071,3467.578,945775.66,0,0,0,1070269.1840000001
312,0,269557.327,61234.976,586381.9909999999,0,0,0,917174.294
313,1095201.045,191319.443,0,0,0,0,0,1286520.488
314,268093.046,98548.068,15165.683,651633.064,0,0,0,1033439.861
315,0,310023.657,24937.984,326642.13800000004,174464.566,0,0,836068.3450000001
316,185570.814,782354.907,41558.107,221469.617,0,0,0,1230953.445
317,204157.697,169662.973,0,461775.348,58698.019,0,0,894294.0369999999
318,0,118327.666,0,359800.556,535738.518,0,0,1013866.74
319,0,535855.426,0,478710.147,0,0,0,1014565.573
320,4064.847,1037380.749,0,71333.391,0,0,0,1112778.987
321,81343.653,153838.346,0,405294.32200000004,251672.434,0,0,892148.755
322,0,211580.853,8.914,782580.696,20274.495,0,0,1014444.958
323,0,381945.939,101419.511,518244.282,0,14332.503,0,1015942.2350000001
324,0,92085.842,83822.615,474381.694,214837.884,0,0,865128.035
325,316940.881,353021.83400000003,255.022,446334.76,0,0,0,1116552.497
326,34534.74,746491.69,68608.565,165888.57799999998,0,0,0,1015523.5729999999
327,362771.736,610234.6540000001,0,37342.636,0,0,0,1010349.0260000001
328,458386.855,241465.422,5440.685,332982.33499999996,0,0,0,1038275.297
329,726338.059,111104.192,4926.107,154467.465,0,0,0,996835.823
330,0,1057276.11,0,13247.307,0,0,0,1070523.4170000001
331,0,516316.21,35786.777,124844.236,0,0,0,676947.223
332,0,1091380.984,0,26199.533,0,0,0,1117580.517
333,47808.918,178010.754,0,0,0,35930.647,0,261750.319
334,205532.001,295850.922,0,51.444,0,0,0,501434.367
335,21931.408,1030078.431,0,0,0,0,0,1052009.839
336,12283.404,699977.823,247402.712,27061.025,0,0,0,986724.964
337,159013.207,573341.962,0,0,0,0,0,732355.169
338,0,484449.098,0,532231.251,0,0,0,1016680.349
339,0,169868.601,145185.175,467731.33200000005,118079.058,0,0,900864.166
340,0,242810.305,150688.153,478603.594,0,0,0,872102.0519999999
341,0,479405.023,293242.24,258524.09100000001,0,0,0,1031171.354
342,27210.948,0,18490.387,1060381.796,0,0,0,1106083.131
343,0,15113.452,92656.669,843851.8879999999,0,0,0,951622.009
344,77732.793,33784.476,294912.423,576241.11,0,0,0,982670.802
345,611037.586,128281.268,9131.614,308980.436,0,0,0,1057430.904
346,0,294080.79,223387.19499999998,513728.484,0,0,0,1031196.469
347,554696.463,490037.429,58261.864,28485.743,0,0,0,1131481.499
348,0,571961.018,345888.163,138348.434,0,0,0,1056197.6150000002
349,0,564737.098,157673.867,102303.256,0,190467.497,0,1015181.7179999999
350,11607.08,624510.461,35728.126,184347.734,0,132193.243,0,988386.6440000001
351,84896.43,638457.671,125576.777,167628.874,0,0,0,1016559.7520000001
352,142145.263,1001732.7490000001,0,0,0,8158.708,0,1152036.7200000002
353,0,192184.24,0,789205.831,0,33791.606,0,1015181.677
354,45562.261,268538.907,0,695783.816,0,0,0,1009884.9839999999
355,0,449415.02,9464.012,502972.951,0,0,0,961851.983
356,236814.229,215478.535,27793.819000000003,550025.235,0,0,0,1030111.818
357,654951.273,213211.15000000002,21453.883,201558.87699999998,0,0,0,1091175.1830000002
358,237104.285,81041.972,85823.956,612213.934,0,0,0,1016184.147
359,615145.783,172940.375,15541.471000000001,211058.551,0,0,0,1014686.18
360,483291.936,353043.70399999997,80156.466,154212.554,0,0,0,1070704.66
361,723968.557,148854.006,26020.462,198400.19499999998,0,0,0,1097243.2200000002
362,0,396644.492,7433.615,328995.042,76485.006,0,0,809558.155
363,68185.455,527821.0360000001,40834.716,153869.62,204565.08,31888.190000000002,0,1027164.0970000001
364,83825.84,762701.185,103348.89,336996.16400000005,0,0,0,1286872.0790000001
365,428403.459,406156.411,193009.14099999997,43598.263999999996,0,0,0,1071167.275
366,3993.952,860876.219,170899.675,196059.117,0,178051.503,0,1409880.4660000002
367,57615.08,554925.219,87773.732,161415.375,174961.428,3.548,0,1036694.382
368,331222.647,605806.7880000001,103178.806,97495.63500000001,87927.891,157415.517,0,1383047.2840000002
369,330600.702,583273.2339999999,89390.187,12785.931,0,0,0,1016050.054
370,276100.864,190569.452,0,581071.607,0,0,0,1047741.923
371,290427.353,103339.361,26544.243,587239.011,0,0,0,1007549.9680000001
372,734747.564,106191.12,12747.496,204725.109,0,0,0,1058411.289
373,401588.569,198891.604,0,469266.051,0,0,0,1069746.224
374,638618.725,103001.969,90274.601,224893.174,0,0,0,1056788.469
375,74592.727,319472.835,21439.57,610167.31,0,0,0,1025672.442
376,663337.937,244557.34600000002,0,106294.939,0,0,0,1014190.2220000001
377,600119.794,186076.614,0,229490.673,0,0,0,1015687.081
378,323241.681,354232.32200000004,0,438798.018,0,0,0,1116272.021
379,824927.601,114850.592,41574.326,89545.74599999998,0,0,0,1070898.265
380,233474.903,86836.847,60089.531,584700.336,0,0,0,965101.6170000001
381,118117.785,106564.147,4806.422,760547.601,73447.664,6785.011,0,1070268.6300000001
382,87816.919,227715.051,151668.038,548814.192,0,0,0,1016014.2
383,487947.274,452733.288,0,121606.386,0,0,0,1062286.9479999999
384,1196006.123,23589.137,0,0,0,0,0,1219595.26
385,728009.623,278969.144,0,50903.594,0,0,0,1057882.361
386,0,488673.863,30273.989,360151.665,18793.567,115921.516,0,1013814.6000000001
387,0,413824.057,227477.607,159477.131,209571.452,3464.368,0,1013814.615
388,1255955.684,128680.068,0,0,0,0,36090.685,1420726.437
389,826907.311,245214.782,0,0,0,0,0,1072122.0929999999
390,1939.984,507190.45900000003,64508.619999999995,327298.484,101269.553,67799.491,0,1070006.591
391,765979.582,0,0,0,0,0,0,765979.582
392,993832.816,61372.017,16793.551,0,0,0,0,1071998.384
393,364970.525,469989.41,116136.728,164620.147,0,0,0,1115716.81
394,979566.611,278427.197,0,22624.707,0,0,0,1280618.515
395,934525.274,44809.553,0,34103.934,0,0,0,1013438.7609999999
396,945743.677,59518.056,0,0,0,0,0,1005261.733
397,1013317.899,0,0,0,0,0,0,1013317.899
398,0,551562.559,328882.185,177437.631,0,0,0,1057882.375
399,0,808998.553,29730.351,138989.9,38991.057,0,0,1016709.861
400,0,890402.965,108322.574,57545.677,0,0,0,1056271.216
401,347017.884,515765.439,107155.75,99960.384,0,0,0,1069899.4570000002
402,0,393501.075,120748.19200000001,499323.755,0,0,0,1013573.022
403,0,146397.961,0,774537.5549999999,0,0,0,920935.516
404,942951.646,65027.877,5286.172,57673.982,0,0,0,1070939.677
405,85307.907,577742.0129999999,153254.893,254793.549,0,0,0,1071098.362
406,0,112945.221,71084.841,733475.412,41993.168,0,0,959498.642
407,246060.26,412440.32300000003,88377.975,324609.595,0,0,0,1071488.153
408,0,268745.294,0,757022.9519999999,0,0,0,1025768.2459999999
409,1045587.632,11420.176,0,356.265,0,0,0,1057364.0729999999
410,575500.327,273666.721,84386.9,109326.903,4714.162,23368.206,0,1070963.219
411,15876.99,299712.284,119546.214,562619.798,92847.106,20988.537,0,1111590.929
412,1077730.135,0,0,0,0,0,0,1077730.135
413,850941.556,123899.252,0,13794.976,0,0,0,988635.784
414,457312.802,280542.13300000003,134148.803,65714.42599999999,0,16403.244,0,954121.408
415,236166.374,0,0,0,0,0,175996.935,412163.309
416,344391.426,0,0,0,0,0,0,344391.426
417,149537.96600000001,486122.03800000006,30464.199,386601.234,0,0,0,1052725.4370000002
418,512740.831,155220.249,105400.523,180453.714,0,0,0,953815.3170000002
419,39148.254,681657.8470000001,32865.225,152990.53399999999,0,9483.536,0,916145.396
420,0,786257.729,102297.609,41687.14,0,83827.027,0,1014069.505
421,71166.298,722722.6749999999,19979.077,402465.564,0,0,0,1216333.614
422,0,358891.827,207745.962,422790.864,0,16897.162,0,1006325.815
423,0,669049.738,30610.98,315784.65599999996,0,0,0,1015445.374
424,305403.347,728290.794,5449.505,17393.138,0,0,0,1056536.784
425,411005.699,322558.713,7846.538,286522.096,0,0,0,1027933.046
426,0,493740.57399999996,332212.865,191001.809,0,90179.836,0,1107135.084
427,57143.44,739014.8520000001,83274.549,187539.293,0,4672.636,0,1071644.77
428,514600.357,202029.78100000002,0,17985.103,0,0,0,734615.241
429,312356.081,147525.212,0,0,0,0,0,459881.293
430,22394.754,378523.60199999996,38590.020000000004,366670.185,53555.912,0,0,859734.473
431,0,142342.146,854.602,658983.428,136613.35,3465.632,0,942259.1579999999
432,0,597276.885,256927.7,134321.788,0,8002.122,0,996528.4949999999
433,554747.253,375923.942,151434.783,125848.301,0,35996.14,0,1243950.419
434,0,227507.144,41070.733,700249.257,0,44745.887,0,1013573.021
435,40079.903,563761.0650000001,221214.337,96869.16,0,52469.749,0,974394.2140000002
436,1011204.376,246797.234,3508.052,12383.712,0,0,0,1273893.374
437,145942.923,596167.828,142888.141,128453.292,0,0,0,1013452.184
438,816658.122,178887.471,19402.296,0,0,0,0,1014947.889
439,1036552.069,348668.907,0,10101.204,0,0,0,1395322.18
440,522361.554,593190.509,0,0,0,0,0,1115552.063
441,1027847.066,42271.662,0,0,0,0,0,1070118.728
442,1171835.207,63917.869,0,0,0,0,0,1235753.076
443,554347.827,226973.611,0,4473.076,0,0,0,785794.5140000001
444,968945.61,19004.047,0,0,0,0,0,987949.657
445,945478.218,0,0,0,0,0,0,945478.218
446,202749.52300000002,342572.841,879279.0580000001,234497.722,0,0,0,1659099.1440000003
447,124123.823,388732.405,528964.098,299831.125,0,0,0,1341651.451
448,0,547551.021,426591.166,36101.809,0,0,0,1010243.9959999999
449,109659.101,790051.076,0,172415.832,0,0,0,1072126.009
450,751733.25,236503.943,4937.397,73481.836,0,0,0,1066656.426
451,0,337791.24799999996,511443.143,172127.488,0,0,0,1021361.879
452,0,508738.273,302245.971,180522.155,0,0,0,991506.399
453,495354.26,518943.232,0,0,0,0,0,1014297.4920000001
454,254222.48200000002,712884.265,0,47262.557,0,0,0,1014369.304
455,0,431818.883,287572.365,317654.208,0,0,0,1037045.4559999999
456,712737.07,186013.33,0,35175.607,0,0,0,933926.0069999999
457,37686.792,899050.262,0,135768.113,0,0,0,1072505.167
458,295938.92699999997,637955.392,0,80282.3,0,0,0,1014176.619
459,926035.033,89638.527,0,0,0,0,0,1015673.56
460,125837.426,879413.5750000001,0,110179.633,0,0,0,1115430.634
461,914516.046,156367.955,0,0,0,0,0,1070884.001
462,572402.295,498898.44999999995,30450.518,128661.47,0,0,0,1230412.733
463,0,790641.944,249846.46399999998,0,0,0,0,1040488.408
464,569421.778,483618.563,0,19209.722,0,0,0,1072250.063
465,513203.712,571405.633,62459.161,89346.068,0,0,0,1236414.574
466,257562.044,907123.496,87521.705,70527.969,0,0,0,1322735.2140000002
467,0,544886.928,512525.45,14824.409,0,0,0,1072236.787
468,926368.228,0,0,0,0,0,69179.548,995547.776
469,933199.405,130920.575,0,742946.03,0,0,0,1807066.01
470,555004.2930000001,227512.50199999998,38524.938,295745.491,0,0,0,1116787.224
471,666008.641,287012.52,55914.235,23439.382,0,38880.763,0,1071255.541
472,1004024.493,55579.003,0,0,0,0,0,1059603.496
473,701886.509,174168.54,10147.522,103463.875,0,519.682,0,990186.128
474,487009.718,356072.613,0,66294.341,0,104424.383,0,1013801.055
475,821011.531,121528.40299999999,0,2550.612,0,0,0,945090.5459999999
476,174026.557,332804.346,108416.85900000001,127976.55,0,0,36815.425,780039.7370000002
477,219939.671,776158.213,1.98,20191.545,0,0,0,1016291.409
478,464592.792,365933.615,39917.552,144349.39800000002,0,0,0,1014793.3570000001
479,0,176254.95,0,777362.481,0,0,0,953617.4310000001
480,260378.025,423958.905,0,432962.96,0,0,0,1117299.8900000001
481,475080.103,365325.282,0,152663.862,0,0,0,993069.247
482,590922.809,400565.358,24682.121,0,0,0,0,1016170.2880000001
483,354808.973,406074.315,58615.389,240279.855,0,0,0,1059778.532
484,652817.662,343710.135,18747.286,728.907,0,0,0,1016003.99
485,0,513124.13300000003,0,558672.505,0,0,0,1071796.638
486,0,704661.157,0,367778.424,0,0,0,1072439.581
487,15546.865,196541.03100000002,738120.613,48597.894,0,0,0,998806.403
488,6429.956,339216.003,23096.659,646171.283,0,0,0,1014913.9010000001
489,91667.86,811919.933,78150.544,0,0,0,0,981738.3369999999
490,436965.225,383164.485,73838.64,137420.912,0,0,0,1031389.262
491,0,878333.73,190407.975,0,0,0,0,1068741.705
492,199705.492,594892.949,124955.078,75993.22,0,0,0,995546.739
493,191511.649,562347.2250000001,30915.575,282277.52,0,0,0,1067051.969
494,660761.553,308114.579,70866.294,29989.651,0,0,0,1069732.077
495,5642.92,639494.305,290466.885,43259.419,0,0,0,978863.5290000001
496,0,591965.972,0,525134.664,0,0,0,1117100.636
497,0,411066.836,0,646740.624,0,0,0,1057807.46
498,0,350212.909,0,346486.15,0,0,0,696699.059
499,0,535052.512,12721.907,524656.591,0,0,0,1072431.01
500,0,708544.691,0,0,0,0,0,708544.691
501,0,597078.294,400623.747,0,0,0,0,997702.041
502,0,656095.163,413266.306,2067.311,0,0,0,1071428.78
503,0,255211.789,0,0,0,0,0,255211.789
504,240492.394,373331.397,278813.467,40643.2,0,0,0,933280.4579999999
505,0,511370.973,293049.721,165661.548,0,0,0,970082.2420000001
506,388485.61799999996,284554.09400000004,188516.03,191032.288,0,0,0,1052588.03
507,0,606387.895,120153.804,331115.142,0,0,0,1057656.841
508,66129.028,516998.273,126903.66399999999,132196.434,0,0,0,842227.399
509,0,196046.064,168.102,277099.329,0,0,0,473313.49500000005
510,72840.591,101398.53099999999,575.49,4142.018,0,0,0,178956.62999999998
511,46040.678,757944.208,0,0,0,0,0,803984.8859999999
512,147210.721,68096.907,0,0,0,0,0,215307.628
513,50431.468,908257.2829999999,6494.508,0,0,0,0,965183.259
514,131020.821,852063.2740000001,17723.672000000002,25.756,0,0,0,1000833.5230000002
515,0,751158.071,82368.755,123275.611,0,102995.062,0,1059797.499
516,0,796024.023,60032.481,67159.86,0,2868.219,0,926084.5830000001
517,0,814559.868,95619.197,128082.815,0,35801.869,0,1074063.749
518,0,895477.049,43962.712,177611.805,0,0,0,1117051.5659999999
519,0,222960.191,453195.97,396284.068,0,0,0,1072440.229
520,0,20145.46,240209.271,753813.465,0,0,0,1014168.196
521,0,433237.746,223577.49,576535.174,0,0,0,1233350.4100000001
522,0,469365.841,141912.944,507131.948,0,0,0,1118410.733
523,0,346695.331,68277.003,657840.536,0,0,0,1072812.87
524,0,22498.565,51223.966,981641.523,0,0,0,1055364.054
525,0,464431.042,109620.878,496627.919,0,0,0,1070679.8390000002
526,1433.724,768861.777,50385.72,195971.72,0,0,0,1016652.941
527,0,637035.951,226016.106,188768.605,0,0,0,1051820.662
528,0,219830.003,215025.422,581918.476,0,0,0,1016773.9010000001
529,0,754817.359,175192.307,127909.584,0,0,0,1057919.25
530,0,675926.806,58945.518,281781.29,0,0,0,1016653.6140000001
531,0,686804.913,156298.33500000002,172051.68,0,0,0,1015154.9279999998
532,0,854669.127,67407.268,93199.01,0,0,0,1015275.405
533,0,918233.518,67572.711,29348.716,0,0,0,1015154.9450000001
534,0,723860.487,0,348909.582,0,0,0,1072770.069
535,0,91416.644,23948.522,894474.592,0,0,0,1009839.7579999999
536,3359.489,135033.928,12515.622,51148.384,0,0,0,202057.423
537,30082.023,1066404.775,0,20455.282,0,0,0,1116942.0799999998
538,152163.484,159310.74,0,681683.643,0,0,0,993157.8670000001
539,882080.086,189996.971,0,0,0,0,0,1072077.057
540,629536.278,289496.486,15800.605,136838.042,0,0,0,1071671.4109999998
541,1032023.989,50.013,23202.32,0,0,0,0,1055276.322
542,942371.455,39561.772,35261.526,0,0,0,0,1017194.7529999999
543,953596.835,0,0,0,0,0,0,953596.835
544,128826.007,810046.035,0,130994.067,0,0,0,1069866.109
545,2861.763,872750.427,0,196191.933,0,0,0,1071804.1230000001
546,762701.222,293482.398,0,0,0,0,0,1056183.6199999999
547,0,1014926.872,0,0,0,0,0,1014926.872
548,0,910757.659,0,104169.609,0,0,0,1014927.2679999999
549,139153.132,877393.172,0,0,0,0,0,1016546.304
550,0,513128.994,0,501918.796,0,0,0,1015047.79
551,0,318621.733,0,696305.576,0,0,0,1014927.309
552,0,903276.821,0,154279.533,0,0,0,1057556.354
553,204674.955,464016.083,0,347854.906,0,0,0,1016545.9439999999
554,0,57690.559,0,1015009.167,0,0,0,1072699.726
555,704683.619,292581.593,0,17903.093,0,0,0,1015168.3049999999
556,0,177836.786,0,938037.644,0,0,0,1115874.43
557,0,321464.715,0,693703.619,0,0,0,1015168.334
558,0,765292.675,0,249755.119,0,0,0,1015047.794
559,0,823938.298,0,192728.682,0,0,0,1016666.98
560,0,808092.252,0,178956.318,0,0,0,987048.57
561,0,834935.258,0,64745.653999999995,0,0,0,899680.912
562,0,258091.603,0,859762.69,0,0,0,1117854.293
563,66562.572,295368.097,0,0,0,0,0,361930.669
564,27813.263,576930.451,0,423642.633,0,0,0,1028386.3470000001
565,159714.568,48124.733,0,0,0,0,0,207839.301
566,67086.617,400274.894,0,0,0,0,0,467361.51099999994
567,0,479391.91599999997,184741.97600000002,238624.075,0,0,0,902757.967
568,0,776078.559,19855.65,276774.16000000003,0,0,0,1072708.369
569,341757.895,730307.371,0,0,0,0,0,1072065.266
570,0,45019.186,8954.341,1018353.614,0,0,0,1072327.1409999998
571,0,556416.425,158876.165,302655.045,0,0,0,1017947.635
572,575823.077,61705.514,20822.055,359233.526,0,0,0,1017584.172
573,758306.182,229949.319,0,83566.733,0,0,0,1071822.234
